area,Date,C_025,C_05,C_25,C_50,C_75,C_95,C_975,provenance
"North East and Yorkshire",2022-01-28, 9437.0, 9511.9, 9834.5,10070.0,10238.0,10427.0,10495.0,inferred
"North East and Yorkshire",2022-01-29, 7897.5, 7957.0, 8311.0, 8625.0, 8757.5, 8924.1, 8971.0,inferred
"North East and Yorkshire",2022-01-30, 8975.0, 9058.0, 9513.2,10168.0,10332.0,10521.0,10572.5,inferred
"North East and Yorkshire",2022-01-31,11174.5,11271.6,11862.0,12842.5,13044.2,13281.1,13331.5,inferred
"North East and Yorkshire",2022-02-01, 9889.4, 9950.0,10439.8,11201.5,11381.2,11595.0,11665.6,inferred
"North East and Yorkshire",2022-02-02, 9094.5, 9167.0, 9531.8,10040.0,10205.2,10383.0,10437.5,inferred
"North East and Yorkshire",2022-02-03, 7603.0, 7665.9, 7927.0, 8168.0, 8308.2, 8463.0, 8507.5,inferred
"North East and Yorkshire",2022-02-04, 6398.0, 6433.9, 6576.8, 6697.0, 6787.0, 6921.0, 6970.6,inferred
"North East and Yorkshire",2022-02-05, 5253.5, 5281.0, 5389.0, 5461.0, 5532.0, 5640.0, 5668.0,inferred
"North East and Yorkshire",2022-02-06, 5920.0, 5945.0, 6064.0, 6150.5, 6241.2, 6363.1, 6412.0,inferred
"North East and Yorkshire",2022-02-07, 7345.0, 7398.0, 7537.0, 7642.0, 7786.2, 7967.0, 8031.0,inferred
"North East and Yorkshire",2022-02-08, 6495.0, 6524.0, 6656.0, 6757.0, 6868.0, 7035.0, 7092.0,inferred
"North East and Yorkshire",2022-02-09, 5985.0, 6023.0, 6126.0, 6209.0, 6294.2, 6410.0, 6461.5,inferred
"North East and Yorkshire",2022-02-10, 5002.9, 5031.0, 5118.0, 5196.0, 5263.0, 5365.1, 5399.5,inferred
"North East and Yorkshire",2022-02-11, 4175.5, 4201.0, 4291.8, 4359.0, 4424.0, 4521.0, 4561.5,inferred
"North East and Yorkshire",2022-02-12, 3458.9, 3487.0, 3571.8, 3628.0, 3686.0, 3776.0, 3798.0,inferred
"North East and Yorkshire",2022-02-13, 3982.5, 4009.0, 4112.0, 4173.0, 4237.2, 4327.0, 4350.5,inferred
"North East and Yorkshire",2022-02-14, 5057.5, 5088.0, 5192.0, 5265.0, 5336.0, 5458.0, 5485.5,inferred
"North East and Yorkshire",2022-02-15, 4506.5, 4533.0, 4625.0, 4696.5, 4769.0, 4866.0, 4894.0,inferred
"North East and Yorkshire",2022-02-16, 4160.5, 4194.0, 4285.0, 4346.0, 4402.0, 4495.0, 4519.0,inferred
"North East and Yorkshire",2022-02-17, 3494.0, 3519.0, 3598.0, 3653.0, 3716.0, 3792.0, 3818.5,inferred
"North East and Yorkshire",2022-02-18, 2923.0, 2952.0, 3026.0, 3078.5, 3129.0, 3211.1, 3241.5,inferred
"North East and Yorkshire",2022-02-19, 2425.0, 2446.0, 2520.0, 2567.0, 2616.0, 2686.1, 2707.0,inferred
"North East and Yorkshire",2022-02-20, 2810.5, 2831.0, 2902.0, 2951.0, 3008.0, 3093.0, 3118.5,inferred
"North East and Yorkshire",2022-02-21, 3600.0, 3630.0, 3717.0, 3779.0, 3841.2, 3935.1, 3963.6,inferred
"North East and Yorkshire",2022-02-22, 3299.0, 3325.0, 3407.0, 3460.0, 3520.0, 3608.1, 3633.0,inferred
"North East and Yorkshire",2022-02-23, 3152.5, 3172.0, 3249.0, 3306.0, 3360.0, 3438.1, 3457.0,inferred
"North East and Yorkshire",2022-02-24, 2718.0, 2741.9, 2821.0, 2872.0, 2921.0, 2997.0, 3020.0,inferred
"North East and Yorkshire",2022-02-25, 2365.9, 2382.9, 2457.0, 2507.0, 2556.0, 2625.0, 2649.5,inferred
"North East and Yorkshire",2022-02-26, 2030.9, 2054.0, 2119.0, 2166.0, 2210.0, 2273.0, 2297.0,inferred
"North East and Yorkshire",2022-02-27, 2443.5, 2466.0, 2546.0, 2595.0, 2652.0, 2734.1, 2758.0,inferred
"North East and Yorkshire",2022-02-28, 3391.5, 3415.0, 3502.0, 3560.0, 3620.2, 3707.0, 3734.0,inferred
"North East and Yorkshire",2022-03-01, 3419.9, 3452.9, 3528.0, 3582.0, 3642.2, 3725.1, 3760.5,inferred
"North East and Yorkshire",2022-03-02, 3580.5, 3605.0, 3689.8, 3753.0, 3809.0, 3904.1, 3924.0,inferred
"North East and Yorkshire",2022-03-03, 3396.5, 3420.0, 3501.8, 3559.0, 3616.0, 3691.0, 3720.0,inferred
"North East and Yorkshire",2022-03-04, 3219.5, 3241.0, 3321.0, 3379.0, 3432.0, 3510.1, 3535.0,inferred
"North East and Yorkshire",2022-03-05, 2997.9, 3026.0, 3111.0, 3165.0, 3221.0, 3294.1, 3324.0,inferred
"North East and Yorkshire",2022-03-06, 3905.5, 3937.0, 4030.8, 4097.0, 4157.0, 4250.0, 4282.5,inferred
"North East and Yorkshire",2022-03-07, 5619.4, 5657.0, 5764.0, 5844.0, 5919.0, 6031.0, 6068.0,inferred
"North East and Yorkshire",2022-03-08, 5680.8, 5721.0, 5832.0, 5906.0, 5980.0, 6097.0, 6133.5,inferred
"North East and Yorkshire",2022-03-09, 5974.0, 6003.9, 6112.0, 6193.0, 6270.0, 6373.0, 6398.0,inferred
"North East and Yorkshire",2022-03-10, 5673.5, 5705.0, 5808.0, 5886.5, 5962.0, 6068.0, 6106.5,inferred
"North East and Yorkshire",2022-03-11, 5397.0, 5434.9, 5545.0, 5615.0, 5690.2, 5792.1, 5828.0,inferred
"North East and Yorkshire",2022-03-12, 5096.0, 5127.0, 5226.0, 5296.0, 5365.0, 5476.0, 5502.1,inferred
"North East and Yorkshire",2022-03-13, 6645.5, 6681.0, 6794.0, 6882.0, 6966.2, 7086.0, 7127.0,inferred
"North East and Yorkshire",2022-03-14, 9338.5, 9385.9, 9530.0, 9635.0, 9732.0, 9884.0, 9935.5,inferred
"North East and Yorkshire",2022-03-15, 9107.5, 9146.0, 9282.8, 9378.0, 9482.0, 9617.1, 9654.5,inferred
"North East and Yorkshire",2022-03-16, 9111.0, 9167.0, 9315.0, 9408.5, 9499.0, 9654.1, 9695.1,inferred
"North East and Yorkshire",2022-03-17, 8332.4, 8371.0, 8511.0, 8604.0, 8696.0, 8831.0, 8876.5,inferred
"North East and Yorkshire",2022-03-18, 7651.4, 7694.0, 7812.0, 7899.0, 7985.0, 8111.0, 8160.0,inferred
"North East and Yorkshire",2022-03-19, 6942.5, 6980.0, 7107.5, 7191.0, 7273.0, 7388.0, 7427.5,inferred
"North East and Yorkshire",2022-03-20, 8762.5, 8800.9, 8928.8, 9024.0, 9115.0, 9263.0, 9316.0,inferred
"North East and Yorkshire",2022-03-21,11874.0,11927.0,12088.0,12203.5,12318.2,12473.0,12532.1,inferred
"North East and Yorkshire",2022-03-22,11124.5,11168.0,11326.0,11431.0,11535.0,11702.1,11755.6,inferred
"North East and Yorkshire",2022-03-23,10706.0,10760.8,10907.8,11012.5,11118.0,11272.1,11320.5,inferred
"North East and Yorkshire",2022-03-24, 9375.0, 9412.0, 9553.8, 9650.0, 9749.0, 9905.1, 9944.0,inferred
"North East and Yorkshire",2022-03-25, 8244.0, 8281.9, 8405.0, 8495.0, 8582.2, 8713.0, 8752.1,inferred
"North East and Yorkshire",2022-03-26, 7174.9, 7211.0, 7337.0, 7423.0, 7506.0, 7625.0, 7678.0,inferred
"North East and Yorkshire",2022-03-27, 8658.5, 8697.0, 8832.0, 8929.0, 9029.0, 9178.1, 9229.0,inferred
"North East and Yorkshire",2022-03-28,11150.5,11201.0,11381.8,11496.0,11610.0,11775.2,11831.5,inferred
"North East and Yorkshire",2022-03-29, 9845.9, 9896.0,10056.0,10158.0,10254.0,10388.0,10436.0,inferred
"North East and Yorkshire",2022-03-30, 8891.5, 8939.0, 9089.0, 9182.0, 9276.2, 9422.0, 9465.5,inferred
"North East and Yorkshire",2022-03-31, 7265.5, 7305.0, 7444.0, 7544.5, 7632.0, 7758.1, 7798.5,inferred
"North East and Yorkshire",2022-04-01, 6002.0, 6035.0, 6139.8, 6218.0, 6300.0, 6419.0, 6464.5,inferred
"North East and Yorkshire",2022-04-02, 4899.9, 4929.0, 5025.0, 5095.0, 5165.0, 5269.0, 5309.0,inferred
"North East and Yorkshire",2022-04-03, 5572.0, 5597.0, 5704.0, 5776.5, 5847.2, 5966.0, 6005.6,inferred
"North East and Yorkshire",2022-04-04, 6999.0, 7032.0, 7148.0, 7232.0, 7315.0, 7445.0, 7480.5,inferred
"North East and Yorkshire",2022-04-05, 6201.0, 6238.0, 6354.8, 6428.0, 6513.0, 6621.0, 6647.5,inferred
"North East and Yorkshire",2022-04-06, 5731.0, 5758.0, 5865.8, 5937.0, 6012.0, 6119.0, 6144.5,inferred
"North East and Yorkshire",2022-04-07, 4780.5, 4813.0, 4916.0, 4979.0, 5043.0, 5145.0, 5180.1,inferred
"North East and Yorkshire",2022-04-08, 4009.4, 4039.0, 4129.8, 4191.0, 4259.0, 4340.0, 4368.5,inferred
"North East and Yorkshire",2022-04-09, 3338.0, 3362.0, 3437.0, 3493.5, 3548.0, 3634.1, 3654.0,inferred
"North East and Yorkshire",2022-04-10, 3836.9, 3866.0, 3951.0, 4017.5, 4079.0, 4168.0, 4192.5,inferred
"North East and Yorkshire",2022-04-11, 4857.0, 4890.0, 4997.8, 5071.5, 5135.0, 5247.0, 5281.6,inferred
"North East and Yorkshire",2022-04-12, 4333.9, 4369.0, 4456.0, 4523.0, 4583.0, 4679.0, 4712.2,inferred
"North East and Yorkshire",2022-04-13, 3993.5, 4023.0, 4117.0, 4176.0, 4237.2, 4330.0, 4356.0,inferred
"North East and Yorkshire",2022-04-14, 3346.0, 3370.9, 3450.0, 3504.0, 3556.0, 3639.0, 3665.0,inferred
"North East and Yorkshire",2022-04-15, 2810.5, 2832.0, 2910.0, 2963.0, 3012.0, 3088.0, 3107.5,inferred
"North East and Yorkshire",2022-04-16, 2343.0, 2364.0, 2435.0, 2485.0, 2530.0, 2596.0, 2618.5,inferred
"North East and Yorkshire",2022-04-17, 2721.5, 2742.9, 2815.8, 2865.0, 2918.0, 2994.1, 3026.0,inferred
"North East and Yorkshire",2022-04-18, 3448.0, 3473.0, 3556.0, 3611.0, 3668.0, 3750.1, 3777.5,inferred
"North East and Yorkshire",2022-04-19, 3036.0, 3066.0, 3143.0, 3194.0, 3247.0, 3321.0, 3348.0,inferred
"North East and Yorkshire",2022-04-20, 2767.5, 2790.0, 2868.0, 2917.5, 2965.0, 3044.1, 3066.5,inferred
"North East and Yorkshire",2022-04-21, 2291.5, 2313.0, 2375.0, 2422.0, 2466.0, 2545.0, 2565.5,inferred
"North East and Yorkshire",2022-04-22, 1898.5, 1920.9, 1975.0, 2017.0, 2060.2, 2123.0, 2144.5,inferred
"North East and Yorkshire",2022-04-23, 1548.0, 1570.9, 1622.8, 1659.0, 1696.2, 1755.0, 1770.0,inferred
"North East and Yorkshire",2022-04-24, 1777.5, 1791.0, 1846.0, 1889.0, 1931.0, 1994.0, 2016.0,inferred
"North East and Yorkshire",2022-04-25, 2238.5, 2259.9, 2324.8, 2373.5, 2418.0, 2487.1, 2511.0,inferred
"North East and Yorkshire",2022-04-26, 1994.0, 2010.0, 2066.8, 2110.0, 2157.0, 2224.0, 2243.5,inferred
"North East and Yorkshire",2022-04-27, 1841.0, 1856.0, 1915.0, 1957.0, 1997.0, 2058.0, 2074.0,inferred
"North East and Yorkshire",2022-04-28, 1542.5, 1560.0, 1611.0, 1648.0, 1685.0, 1741.0, 1757.0,inferred
"North East and Yorkshire",2022-04-29, 1297.0, 1313.0, 1363.0, 1399.0, 1434.0, 1479.0, 1494.5,inferred
"North East and Yorkshire",2022-04-30, 1079.5, 1097.0, 1143.0, 1173.0, 1206.0, 1252.0, 1268.0,inferred
"North East and Yorkshire",2022-05-01, 1259.5, 1275.0, 1325.0, 1360.0, 1398.0, 1452.0, 1468.0,inferred
"North East and Yorkshire",2022-05-02, 1629.0, 1652.0, 1706.0, 1750.0, 1792.0, 1858.0, 1874.5,inferred
"North East and Yorkshire",2022-05-03, 1493.5, 1508.0, 1563.0, 1600.5, 1641.0, 1697.0, 1716.5,inferred
"North East and Yorkshire",2022-05-04, 1411.0, 1426.0, 1477.0, 1515.0, 1554.0, 1604.0, 1619.0,inferred
"North East and Yorkshire",2022-05-05, 1204.0, 1221.0, 1271.0, 1304.0, 1340.0, 1385.0, 1403.0,inferred
"North East and Yorkshire",2022-05-06, 1034.0, 1049.0, 1092.0, 1123.0, 1155.2, 1204.0, 1215.0,inferred
"North East and Yorkshire",2022-05-07,  873.5,  888.0,  931.0,  960.0,  989.0, 1034.0, 1044.6,inferred
"North East and Yorkshire",2022-05-08, 1040.5, 1057.0, 1099.0, 1129.5, 1164.0, 1214.0, 1225.0,inferred
"North East and Yorkshire",2022-05-09, 1343.0, 1365.0, 1416.0, 1452.0, 1489.0, 1542.0, 1563.0,inferred
"North East and Yorkshire",2022-05-10, 1211.0, 1226.0, 1274.0, 1309.0, 1345.0, 1392.0, 1410.0,inferred
"North East and Yorkshire",2022-05-11, 1121.5, 1138.0, 1188.0, 1222.0, 1256.0, 1309.0, 1329.0,inferred
"North East and Yorkshire",2022-05-12,  943.0,  958.0, 1003.0, 1038.5, 1072.0, 1121.0, 1137.5,inferred
"North West",2022-01-28, 6172.9, 6216.0, 6415.8, 6564.0, 6667.2, 6801.0, 6841.5,inferred
"North West",2022-01-29, 5090.0, 5152.0, 5377.8, 5548.0, 5650.2, 5770.0, 5812.0,inferred
"North West",2022-01-30, 5884.0, 5939.9, 6222.2, 6618.0, 6741.2, 6871.0, 6902.5,inferred
"North West",2022-01-31, 7351.0, 7429.8, 7798.5, 8437.0, 8577.0, 8733.0, 8780.0,inferred
"North West",2022-02-01, 6492.0, 6555.9, 6877.0, 7338.0, 7471.2, 7625.0, 7666.0,inferred
"North West",2022-02-02, 5979.4, 6024.0, 6280.2, 6579.0, 6691.0, 6828.0, 6861.6,inferred
"North West",2022-02-03, 4985.0, 5032.0, 5227.0, 5376.0, 5468.0, 5580.0, 5617.6,inferred
"North West",2022-02-04, 4287.5, 4314.0, 4416.0, 4490.0, 4569.0, 4674.0, 4700.0,inferred
"North West",2022-02-05, 3473.5, 3495.9, 3579.8, 3636.0, 3694.0, 3774.1, 3801.0,inferred
"North West",2022-02-06, 3972.0, 4001.0, 4091.0, 4158.0, 4228.0, 4340.0, 4370.5,inferred
"North West",2022-02-07, 4977.5, 5014.0, 5118.0, 5207.5, 5305.0, 5446.0, 5489.5,inferred
"North West",2022-02-08, 4380.5, 4410.0, 4508.0, 4580.0, 4657.0, 4781.0, 4824.5,inferred
"North West",2022-02-09, 4012.0, 4042.0, 4135.0, 4201.0, 4266.0, 4360.0, 4387.5,inferred
"North West",2022-02-10, 3348.5, 3371.0, 3447.0, 3505.0, 3562.0, 3641.1, 3675.0,inferred
"North West",2022-02-11, 2838.5, 2865.9, 2942.0, 2993.0, 3041.0, 3120.1, 3145.0,inferred
"North West",2022-02-12, 2318.0, 2342.0, 2408.0, 2454.0, 2503.0, 2574.0, 2596.0,inferred
"North West",2022-02-13, 2709.0, 2729.0, 2799.8, 2852.0, 2903.0, 2974.1, 3011.5,inferred
"North West",2022-02-14, 3466.5, 3492.0, 3569.8, 3627.0, 3684.0, 3767.0, 3797.5,inferred
"North West",2022-02-15, 3084.4, 3108.0, 3184.0, 3239.0, 3289.0, 3370.1, 3395.0,inferred
"North West",2022-02-16, 2863.5, 2886.0, 2959.0, 3007.0, 3057.0, 3134.1, 3163.0,inferred
"North West",2022-02-17, 2404.5, 2430.0, 2497.0, 2542.0, 2586.0, 2656.0, 2680.0,inferred
"North West",2022-02-18, 2078.0, 2096.9, 2154.0, 2194.0, 2239.0, 2301.0, 2320.6,inferred
"North West",2022-02-19, 1706.5, 1724.0, 1782.0, 1818.0, 1858.0, 1913.0, 1928.0,inferred
"North West",2022-02-20, 2013.0, 2031.0, 2091.0, 2133.0, 2174.2, 2238.0, 2254.0,inferred
"North West",2022-02-21, 2603.5, 2629.0, 2703.0, 2759.0, 2813.0, 2890.0, 2921.0,inferred
"North West",2022-02-22, 2393.5, 2411.0, 2483.0, 2535.0, 2584.0, 2655.1, 2679.5,inferred
"North West",2022-02-23, 2294.5, 2317.0, 2376.0, 2420.5, 2468.0, 2542.0, 2565.0,inferred
"North West",2022-02-24, 1990.0, 2013.0, 2071.0, 2115.0, 2158.2, 2220.0, 2239.0,inferred
"North West",2022-02-25, 1768.5, 1785.0, 1841.8, 1880.0, 1924.0, 1982.0, 2000.6,inferred
"North West",2022-02-26, 1508.5, 1524.0, 1580.0, 1616.0, 1657.0, 1706.0, 1729.0,inferred
"North West",2022-02-27, 1837.0, 1857.0, 1923.8, 1972.0, 2016.0, 2083.1, 2104.0,inferred
"North West",2022-02-28, 2605.0, 2626.0, 2699.8, 2752.0, 2806.0, 2887.1, 2907.5,inferred
"North West",2022-03-01, 2648.0, 2672.9, 2743.0, 2794.5, 2842.2, 2920.0, 2943.5,inferred
"North West",2022-03-02, 2823.0, 2844.0, 2916.0, 2966.0, 3021.0, 3096.1, 3125.0,inferred
"North West",2022-03-03, 2707.0, 2729.9, 2809.8, 2856.0, 2905.0, 2983.0, 3001.5,inferred
"North West",2022-03-04, 2657.0, 2676.0, 2744.0, 2789.0, 2840.2, 2915.1, 2938.0,inferred
"North West",2022-03-05, 2493.5, 2515.0, 2577.0, 2623.0, 2668.0, 2736.0, 2757.0,inferred
"North West",2022-03-06, 3315.0, 3335.0, 3417.0, 3473.0, 3528.0, 3619.0, 3644.5,inferred
"North West",2022-03-07, 4804.0, 4833.9, 4925.0, 4995.0, 5062.0, 5161.0, 5199.6,inferred
"North West",2022-03-08, 4793.5, 4832.0, 4925.0, 4995.0, 5060.0, 5172.0, 5204.5,inferred
"North West",2022-03-09, 4982.0, 5010.0, 5107.8, 5175.0, 5246.0, 5336.0, 5366.5,inferred
"North West",2022-03-10, 4700.4, 4729.0, 4821.0, 4883.5, 4946.0, 5046.0, 5074.5,inferred
"North West",2022-03-11, 4516.4, 4544.0, 4630.0, 4695.0, 4756.2, 4861.0, 4895.5,inferred
"North West",2022-03-12, 4173.0, 4198.0, 4283.8, 4349.5, 4412.0, 4511.0, 4542.0,inferred
"North West",2022-03-13, 5459.0, 5496.0, 5595.0, 5669.0, 5743.0, 5862.0, 5892.0,inferred
"North West",2022-03-14, 7645.0, 7681.0, 7817.0, 7904.0, 7993.0, 8121.1, 8156.0,inferred
"North West",2022-03-15, 7314.5, 7353.0, 7469.0, 7553.0, 7632.0, 7761.1, 7796.0,inferred
"North West",2022-03-16, 7205.4, 7248.0, 7372.8, 7453.0, 7532.0, 7643.0, 7685.5,inferred
"North West",2022-03-17, 6484.5, 6514.0, 6617.0, 6698.5, 6780.0, 6902.1, 6931.5,inferred
"North West",2022-03-18, 5951.4, 5980.0, 6083.0, 6160.0, 6234.0, 6343.0, 6374.0,inferred
"North West",2022-03-19, 5261.0, 5295.0, 5392.0, 5462.0, 5527.0, 5632.0, 5663.5,inferred
"North West",2022-03-20, 6613.4, 6646.0, 6752.0, 6834.5, 6913.0, 7035.0, 7071.0,inferred
"North West",2022-03-21, 8902.0, 8954.0, 9097.0, 9193.0, 9285.0, 9426.0, 9479.5,inferred
"North West",2022-03-22, 8239.0, 8280.0, 8412.0, 8496.0, 8590.0, 8721.0, 8762.0,inferred
"North West",2022-03-23, 7862.5, 7897.0, 8019.0, 8113.0, 8196.0, 8321.1, 8360.5,inferred
"North West",2022-03-24, 6839.0, 6868.0, 6978.0, 7050.0, 7129.0, 7247.0, 7293.0,inferred
"North West",2022-03-25, 6027.0, 6072.0, 6190.0, 6270.0, 6344.2, 6453.0, 6486.0,inferred
"North West",2022-03-26, 5172.0, 5194.0, 5299.0, 5367.0, 5440.0, 5541.0, 5571.5,inferred
"North West",2022-03-27, 6245.0, 6285.0, 6402.0, 6484.0, 6569.0, 6688.0, 6728.0,inferred
"North West",2022-03-28, 8048.5, 8083.0, 8214.0, 8314.0, 8404.2, 8552.0, 8604.1,inferred
"North West",2022-03-29, 6988.0, 7025.0, 7142.0, 7227.0, 7312.2, 7439.0, 7479.0,inferred
"North West",2022-03-30, 6183.5, 6232.0, 6343.0, 6427.0, 6504.0, 6616.1, 6637.5,inferred
"North West",2022-03-31, 4982.0, 5021.9, 5118.0, 5193.0, 5267.0, 5371.0, 5407.0,inferred
"North West",2022-04-01, 4115.5, 4146.0, 4235.0, 4295.0, 4356.0, 4453.0, 4472.0,inferred
"North West",2022-04-02, 3260.0, 3285.9, 3375.0, 3430.0, 3483.0, 3569.0, 3597.0,inferred
"North West",2022-04-03, 3713.0, 3738.9, 3818.0, 3880.0, 3933.0, 4016.1, 4043.0,inferred
"North West",2022-04-04, 4632.5, 4658.0, 4764.0, 4832.0, 4904.2, 5011.0, 5042.6,inferred
"North West",2022-04-05, 4084.9, 4114.0, 4208.8, 4272.0, 4334.0, 4426.0, 4458.5,inferred
"North West",2022-04-06, 3762.0, 3790.0, 3872.0, 3930.0, 3990.0, 4080.1, 4103.5,inferred
"North West",2022-04-07, 3140.9, 3165.9, 3241.0, 3292.0, 3343.0, 3422.0, 3451.0,inferred
"North West",2022-04-08, 2680.0, 2700.0, 2773.0, 2819.0, 2873.0, 2948.0, 2971.0,inferred
"North West",2022-04-09, 2190.0, 2209.0, 2273.0, 2318.0, 2365.0, 2433.0, 2447.5,inferred
"North West",2022-04-10, 2554.9, 2574.0, 2647.0, 2695.0, 2744.0, 2814.0, 2836.5,inferred
"North West",2022-04-11, 3253.5, 3285.0, 3361.0, 3414.0, 3473.0, 3552.1, 3577.0,inferred
"North West",2022-04-12, 2897.0, 2919.9, 2989.0, 3043.0, 3094.0, 3166.0, 3190.5,inferred
"North West",2022-04-13, 2671.5, 2694.0, 2759.0, 2807.0, 2857.0, 2931.0, 2956.0,inferred
"North West",2022-04-14, 2231.5, 2251.0, 2315.0, 2356.0, 2403.0, 2474.0, 2493.5,inferred
"North West",2022-04-15, 1908.0, 1933.0, 1988.0, 2030.0, 2072.0, 2133.0, 2148.0,inferred
"North West",2022-04-16, 1573.0, 1591.0, 1644.0, 1681.0, 1721.0, 1774.0, 1794.0,inferred
"North West",2022-04-17, 1853.0, 1865.0, 1929.0, 1970.0, 2015.0, 2075.0, 2096.5,inferred
"North West",2022-04-18, 2366.0, 2383.0, 2450.0, 2497.0, 2546.0, 2615.0, 2637.0,inferred
"North West",2022-04-19, 2073.5, 2093.0, 2154.0, 2200.0, 2243.2, 2302.0, 2324.5,inferred
"North West",2022-04-20, 1873.0, 1890.0, 1957.0, 1997.0, 2040.0, 2104.0, 2126.0,inferred
"North West",2022-04-21, 1545.0, 1565.9, 1615.0, 1654.0, 1690.0, 1743.0, 1764.5,inferred
"North West",2022-04-22, 1297.0, 1309.0, 1360.0, 1394.0, 1427.0, 1473.0, 1487.0,inferred
"North West",2022-04-23, 1048.5, 1059.0, 1101.0, 1131.0, 1164.0, 1212.0, 1229.0,inferred
"North West",2022-04-24, 1207.0, 1219.0, 1269.0, 1301.0, 1333.0, 1381.0, 1397.0,inferred
"North West",2022-04-25, 1540.0, 1559.0, 1607.0, 1647.0, 1687.0, 1742.0, 1762.5,inferred
"North West",2022-04-26, 1366.0, 1381.0, 1432.0, 1469.0, 1506.0, 1555.0, 1572.0,inferred
"North West",2022-04-27, 1268.0, 1284.0, 1332.0, 1365.0, 1401.0, 1454.0, 1471.0,inferred
"North West",2022-04-28, 1079.0, 1091.0, 1129.0, 1162.0, 1191.0, 1238.0, 1253.5,inferred
"North West",2022-04-29,  918.5,  936.0,  975.0, 1004.0, 1034.2, 1078.0, 1094.5,inferred
"North West",2022-04-30,  768.5,  778.0,  814.0,  839.0,  867.0,  908.0,  921.5,inferred
"North West",2022-05-01,  902.0,  917.0,  961.0,  993.0, 1022.0, 1068.0, 1085.0,inferred
"North West",2022-05-02, 1197.5, 1211.0, 1256.8, 1290.0, 1324.0, 1376.0, 1396.5,inferred
"North West",2022-05-03, 1084.0, 1101.0, 1149.0, 1182.0, 1212.0, 1257.0, 1272.0,inferred
"North West",2022-05-04, 1031.5, 1046.0, 1091.0, 1123.0, 1153.0, 1195.0, 1211.0,inferred
"North West",2022-05-05,  888.0,  902.0,  943.0,  970.0,  999.0, 1042.0, 1053.0,inferred
"North West",2022-05-06,  777.5,  789.0,  827.0,  853.0,  880.0,  923.0,  937.0,inferred
"North West",2022-05-07,  653.0,  664.0,  698.0,  722.0,  746.0,  786.0,  797.5,inferred
"North West",2022-05-08,  787.0,  799.0,  836.0,  862.0,  889.0,  931.0,  944.0,inferred
"North West",2022-05-09, 1020.0, 1035.0, 1079.0, 1110.0, 1143.0, 1188.0, 1202.5,inferred
"North West",2022-05-10,  903.4,  921.0,  961.0,  994.0, 1022.0, 1066.0, 1079.5,inferred
"North West",2022-05-11,  829.0,  844.0,  885.0,  914.0,  942.0,  987.0, 1001.0,inferred
"North West",2022-05-12,  691.0,  705.0,  742.0,  768.0,  796.2,  839.0,  848.5,inferred
"Midlands",2022-01-28,12711.0,12791.9,13110.2,13340.0,13499.2,13689.0,13725.0,inferred
"Midlands",2022-01-29,10826.9,10894.9,11269.0,11632.5,11772.2,11953.0,12013.0,inferred
"Midlands",2022-01-30,12292.0,12398.8,12916.0,13761.0,13936.0,14131.0,14183.0,inferred
"Midlands",2022-01-31,14935.3,15078.0,15774.0,17047.5,17285.0,17544.1,17590.0,inferred
"Midlands",2022-02-01,13180.4,13275.9,13867.0,14834.5,15037.2,15274.0,15324.5,inferred
"Midlands",2022-02-02,12256.9,12326.8,12766.8,13417.0,13592.2,13805.0,13871.1,inferred
"Midlands",2022-02-03,10335.4,10401.9,10715.0,11029.0,11180.2,11350.2,11413.0,inferred
"Midlands",2022-02-04, 8880.5, 8945.0, 9112.0, 9236.0, 9341.0, 9487.0, 9525.0,inferred
"Midlands",2022-02-05, 7413.5, 7445.0, 7565.0, 7644.0, 7725.0, 7844.0, 7874.1,inferred
"Midlands",2022-02-06, 8357.0, 8406.0, 8538.0, 8646.0, 8766.0, 8933.0, 8989.1,inferred
"Midlands",2022-02-07,10153.0,10197.9,10340.0,10477.5,10680.0,10939.0,11013.6,inferred
"Midlands",2022-02-08, 8882.5, 8923.0, 9077.8, 9194.0, 9347.0, 9554.1, 9613.6,inferred
"Midlands",2022-02-09, 8211.4, 8266.0, 8381.0, 8475.5, 8584.0, 8736.2, 8793.0,inferred
"Midlands",2022-02-10, 6888.0, 6916.9, 7027.0, 7102.0, 7180.0, 7306.0, 7361.1,inferred
"Midlands",2022-02-11, 5850.0, 5881.0, 5980.8, 6053.0, 6124.2, 6221.0, 6247.0,inferred
"Midlands",2022-02-12, 4890.4, 4920.0, 5012.0, 5076.0, 5142.0, 5245.0, 5268.0,inferred
"Midlands",2022-02-13, 5592.0, 5627.0, 5732.8, 5812.0, 5884.0, 5989.0, 6029.0,inferred
"Midlands",2022-02-14, 6910.5, 6957.0, 7072.0, 7152.0, 7241.2, 7369.0, 7407.0,inferred
"Midlands",2022-02-15, 6147.0, 6178.0, 6280.5, 6353.0, 6431.0, 6537.1, 6575.0,inferred
"Midlands",2022-02-16, 5726.4, 5760.0, 5864.0, 5936.0, 5998.0, 6100.0, 6133.6,inferred
"Midlands",2022-02-17, 4834.5, 4867.0, 4962.0, 5029.0, 5093.0, 5192.0, 5219.0,inferred
"Midlands",2022-02-18, 4158.5, 4192.0, 4279.0, 4335.0, 4393.0, 4478.0, 4515.5,inferred
"Midlands",2022-02-19, 3503.0, 3529.0, 3607.0, 3661.0, 3717.0, 3792.0, 3826.0,inferred
"Midlands",2022-02-20, 4042.5, 4061.0, 4156.0, 4220.0, 4284.0, 4383.0, 4415.1,inferred
"Midlands",2022-02-21, 5060.5, 5095.0, 5190.8, 5262.0, 5340.0, 5446.0, 5478.5,inferred
"Midlands",2022-02-22, 4561.4, 4595.0, 4694.0, 4764.0, 4837.0, 4934.0, 4961.0,inferred
"Midlands",2022-02-23, 4361.5, 4393.0, 4482.0, 4544.0, 4603.0, 4689.0, 4724.5,inferred
"Midlands",2022-02-24, 3777.5, 3807.0, 3889.0, 3949.0, 4007.0, 4089.0, 4121.0,inferred
"Midlands",2022-02-25, 3328.5, 3354.9, 3432.8, 3483.5, 3543.0, 3624.0, 3649.5,inferred
"Midlands",2022-02-26, 2873.4, 2899.0, 2982.0, 3036.0, 3092.0, 3173.0, 3203.0,inferred
"Midlands",2022-02-27, 3435.9, 3468.0, 3560.0, 3623.5, 3688.0, 3783.1, 3813.0,inferred
"Midlands",2022-02-28, 4643.5, 4677.0, 4774.0, 4841.0, 4911.0, 5012.0, 5036.5,inferred
"Midlands",2022-03-01, 4652.5, 4688.0, 4783.0, 4850.5, 4924.0, 5020.0, 5051.0,inferred
"Midlands",2022-03-02, 4919.0, 4949.9, 5060.0, 5128.0, 5192.2, 5298.0, 5328.5,inferred
"Midlands",2022-03-03, 4709.4, 4738.0, 4840.0, 4901.0, 4968.0, 5076.0, 5103.5,inferred
"Midlands",2022-03-04, 4560.0, 4593.0, 4688.0, 4749.0, 4806.2, 4903.1, 4939.5,inferred
"Midlands",2022-03-05, 4320.0, 4350.0, 4446.0, 4501.0, 4567.0, 4660.0, 4692.5,inferred
"Midlands",2022-03-06, 5631.0, 5666.0, 5766.8, 5839.0, 5905.2, 6014.2, 6043.5,inferred
"Midlands",2022-03-07, 7828.9, 7883.0, 8006.0, 8090.0, 8189.0, 8316.0, 8363.0,inferred
"Midlands",2022-03-08, 7838.0, 7874.0, 7987.0, 8071.0, 8157.2, 8272.0, 8308.0,inferred
"Midlands",2022-03-09, 8206.0, 8230.0, 8353.0, 8439.0, 8516.2, 8645.0, 8682.1,inferred
"Midlands",2022-03-10, 7785.5, 7820.9, 7931.0, 8009.0, 8091.0, 8213.0, 8250.6,inferred
"Midlands",2022-03-11, 7470.0, 7511.0, 7629.0, 7711.0, 7793.0, 7908.0, 7951.0,inferred
"Midlands",2022-03-12, 7078.5, 7113.0, 7225.0, 7304.0, 7389.0, 7502.2, 7533.6,inferred
"Midlands",2022-03-13, 9151.5, 9187.0, 9316.8, 9406.5, 9504.0, 9635.0, 9676.5,inferred
"Midlands",2022-03-14,12386.9,12442.0,12608.0,12727.0,12848.0,12996.0,13044.5,inferred
"Midlands",2022-03-15,11842.0,11888.9,12037.8,12142.5,12241.0,12385.1,12452.5,inferred
"Midlands",2022-03-16,11799.5,11846.0,11994.0,12099.0,12203.0,12351.0,12394.5,inferred
"Midlands",2022-03-17,10669.0,10724.0,10869.8,10962.0,11071.0,11213.0,11252.5,inferred
"Midlands",2022-03-18, 9837.5, 9879.0,10013.0,10105.0,10204.0,10348.0,10397.5,inferred
"Midlands",2022-03-19, 8928.9, 8968.0, 9101.0, 9187.5, 9280.2, 9418.0, 9458.0,inferred
"Midlands",2022-03-20,11063.5,11109.9,11260.0,11371.0,11471.2,11607.0,11651.5,inferred
"Midlands",2022-03-21,14509.5,14580.8,14747.0,14860.5,14981.5,15174.0,15217.0,inferred
"Midlands",2022-03-22,13444.5,13485.0,13648.8,13760.0,13863.0,14015.0,14079.5,inferred
"Midlands",2022-03-23,12946.5,13002.0,13171.0,13276.5,13387.0,13547.0,13600.6,inferred
"Midlands",2022-03-24,11369.0,11412.0,11549.0,11652.0,11752.0,11901.1,11947.5,inferred
"Midlands",2022-03-25,10127.0,10178.0,10304.0,10389.0,10479.0,10620.0,10668.0,inferred
"Midlands",2022-03-26, 8871.0, 8911.9, 9040.0, 9129.0, 9220.0, 9356.1, 9401.6,inferred
"Midlands",2022-03-27,10608.5,10640.9,10798.8,10911.0,11023.0,11200.0,11244.6,inferred
"Midlands",2022-03-28,13260.5,13313.0,13502.8,13622.0,13747.0,13946.0,13995.0,inferred
"Midlands",2022-03-29,11614.5,11665.9,11808.0,11917.5,12021.2,12176.0,12227.0,inferred
"Midlands",2022-03-30,10516.0,10563.0,10711.8,10807.5,10904.2,11046.0,11085.6,inferred
"Midlands",2022-03-31, 8613.0, 8645.0, 8797.0, 8902.0, 8998.0, 9127.0, 9162.5,inferred
"Midlands",2022-04-01, 7191.0, 7238.0, 7367.0, 7458.0, 7538.0, 7657.0, 7713.6,inferred
"Midlands",2022-04-02, 5948.0, 5974.0, 6080.8, 6158.0, 6237.0, 6344.1, 6379.5,inferred
"Midlands",2022-04-03, 6713.0, 6758.0, 6873.0, 6952.0, 7036.0, 7159.3, 7202.5,inferred
"Midlands",2022-04-04, 8217.0, 8262.9, 8388.0, 8479.0, 8570.0, 8697.0, 8727.0,inferred
"Midlands",2022-04-05, 7251.9, 7285.0, 7401.0, 7487.0, 7563.2, 7691.0, 7716.5,inferred
"Midlands",2022-04-06, 6709.0, 6743.0, 6858.0, 6937.0, 7019.0, 7124.0, 7165.0,inferred
"Midlands",2022-04-07, 5638.0, 5679.0, 5777.0, 5848.0, 5924.2, 6022.0, 6047.0,inferred
"Midlands",2022-04-08, 4834.4, 4864.0, 4950.0, 5012.0, 5078.0, 5172.0, 5207.6,inferred
"Midlands",2022-04-09, 4048.0, 4074.9, 4157.0, 4219.0, 4278.2, 4366.0, 4392.0,inferred
"Midlands",2022-04-10, 4664.5, 4693.0, 4779.0, 4848.0, 4911.0, 5007.0, 5042.0,inferred
"Midlands",2022-04-11, 5721.5, 5752.0, 5851.0, 5921.0, 5997.0, 6107.0, 6150.0,inferred
"Midlands",2022-04-12, 5000.0, 5026.0, 5113.8, 5185.0, 5255.0, 5354.0, 5385.0,inferred
"Midlands",2022-04-13, 4574.0, 4601.0, 4687.0, 4754.0, 4817.0, 4908.0, 4929.0,inferred
"Midlands",2022-04-14, 3793.5, 3818.9, 3894.8, 3952.0, 4010.0, 4095.0, 4121.0,inferred
"Midlands",2022-04-15, 3204.0, 3229.0, 3307.0, 3362.0, 3411.0, 3484.0, 3512.0,inferred
"Midlands",2022-04-16, 2664.5, 2686.0, 2754.0, 2803.0, 2848.0, 2924.0, 2944.5,inferred
"Midlands",2022-04-17, 3040.0, 3065.0, 3141.0, 3190.0, 3245.0, 3320.1, 3341.0,inferred
"Midlands",2022-04-18, 3723.5, 3744.9, 3826.0, 3880.0, 3939.2, 4020.0, 4050.1,inferred
"Midlands",2022-04-19, 3235.0, 3261.9, 3332.0, 3388.0, 3439.0, 3514.1, 3548.5,inferred
"Midlands",2022-04-20, 2946.5, 2973.0, 3044.0, 3091.0, 3136.0, 3208.1, 3232.0,inferred
"Midlands",2022-04-21, 2420.5, 2450.0, 2520.0, 2561.0, 2609.0, 2669.0, 2690.5,inferred
"Midlands",2022-04-22, 2040.5, 2058.9, 2118.0, 2157.0, 2200.0, 2268.0, 2289.5,inferred
"Midlands",2022-04-23, 1682.0, 1704.0, 1754.0, 1790.0, 1829.0, 1885.0, 1898.0,inferred
"Midlands",2022-04-24, 1912.0, 1932.0, 1980.8, 2019.0, 2060.0, 2123.0, 2136.0,inferred
"Midlands",2022-04-25, 2333.5, 2352.0, 2420.0, 2469.0, 2514.0, 2581.0, 2603.0,inferred
"Midlands",2022-04-26, 2056.5, 2073.0, 2132.0, 2173.0, 2220.0, 2284.0, 2304.0,inferred
"Midlands",2022-04-27, 1911.9, 1928.0, 1979.0, 2021.5, 2063.0, 2123.0, 2142.0,inferred
"Midlands",2022-04-28, 1601.0, 1623.0, 1675.0, 1712.0, 1752.0, 1809.0, 1824.0,inferred
"Midlands",2022-04-29, 1375.0, 1389.0, 1440.0, 1473.0, 1512.0, 1567.0, 1583.0,inferred
"Midlands",2022-04-30, 1160.0, 1172.0, 1217.0, 1249.0, 1280.0, 1328.0, 1345.0,inferred
"Midlands",2022-05-01, 1353.5, 1366.0, 1411.8, 1446.0, 1482.0, 1534.0, 1551.0,inferred
"Midlands",2022-05-02, 1702.5, 1719.0, 1777.8, 1817.0, 1856.0, 1915.0, 1935.0,inferred
"Midlands",2022-05-03, 1542.9, 1564.0, 1619.0, 1651.0, 1689.0, 1740.0, 1759.0,inferred
"Midlands",2022-05-04, 1476.0, 1493.0, 1547.8, 1583.5, 1618.0, 1672.0, 1688.5,inferred
"Midlands",2022-05-05, 1281.5, 1293.0, 1341.0, 1375.0, 1408.0, 1455.0, 1469.0,inferred
"Midlands",2022-05-06, 1118.5, 1133.0, 1178.0, 1208.0, 1242.0, 1288.0, 1300.0,inferred
"Midlands",2022-05-07,  959.0,  977.9, 1019.0, 1048.0, 1075.0, 1116.0, 1128.0,inferred
"Midlands",2022-05-08, 1142.5, 1154.0, 1200.0, 1232.5, 1264.0, 1314.0, 1330.0,inferred
"Midlands",2022-05-09, 1441.0, 1458.0, 1509.0, 1545.5, 1580.2, 1640.0, 1656.0,inferred
"Midlands",2022-05-10, 1279.0, 1296.0, 1348.0, 1384.0, 1416.0, 1466.0, 1476.0,inferred
"Midlands",2022-05-11, 1196.5, 1213.0, 1260.0, 1295.0, 1331.2, 1381.0, 1393.5,inferred
"Midlands",2022-05-12, 1010.9, 1024.0, 1069.8, 1101.0, 1135.0, 1186.0, 1201.5,inferred
"East of England",2022-01-28, 8400.5, 8435.0, 8593.8, 8688.0, 8779.0, 8903.0, 8934.0,inferred
"East of England",2022-01-29, 7327.5, 7379.0, 7592.8, 7723.5, 7832.2, 7961.0, 8007.5,inferred
"East of England",2022-01-30, 8242.9, 8315.9, 8644.8, 9017.5, 9141.2, 9270.1, 9318.5,inferred
"East of England",2022-01-31,10047.0,10133.9,10565.0,11207.0,11359.0,11537.0,11582.5,inferred
"East of England",2022-02-01, 9117.4, 9184.9, 9547.0,10046.5,10201.0,10378.1,10430.1,inferred
"East of England",2022-02-02, 8594.0, 8665.0, 8996.5, 9303.5, 9438.2, 9599.0, 9636.5,inferred
"East of England",2022-02-03, 7388.5, 7442.0, 7661.0, 7813.0, 7935.2, 8070.0, 8115.0,inferred
"East of England",2022-02-04, 6307.5, 6353.0, 6468.0, 6554.0, 6636.0, 6761.0, 6792.0,inferred
"East of England",2022-02-05, 5372.9, 5403.9, 5503.0, 5570.0, 5640.2, 5746.0, 5779.5,inferred
"East of England",2022-02-06, 5967.4, 6005.0, 6138.0, 6222.0, 6314.2, 6426.0, 6467.7,inferred
"East of England",2022-02-07, 7273.0, 7316.0, 7453.8, 7557.0, 7679.2, 7849.0, 7911.0,inferred
"East of England",2022-02-08, 6489.9, 6530.0, 6663.0, 6750.0, 6852.0, 6998.0, 7039.5,inferred
"East of England",2022-02-09, 6043.5, 6077.9, 6191.0, 6271.0, 6351.0, 6474.0, 6505.0,inferred
"East of England",2022-02-10, 5102.0, 5130.0, 5216.0, 5282.0, 5358.0, 5456.0, 5502.6,inferred
"East of England",2022-02-11, 4262.5, 4289.0, 4374.0, 4439.0, 4500.0, 4600.0, 4627.0,inferred
"East of England",2022-02-12, 3581.9, 3617.0, 3705.0, 3763.0, 3825.0, 3908.1, 3936.5,inferred
"East of England",2022-02-13, 4010.0, 4047.0, 4139.0, 4210.0, 4270.0, 4359.0, 4389.0,inferred
"East of England",2022-02-14, 4985.0, 5020.0, 5119.8, 5188.0, 5258.0, 5362.0, 5397.0,inferred
"East of England",2022-02-15, 4587.0, 4618.9, 4719.0, 4785.0, 4851.0, 4945.0, 4969.0,inferred
"East of England",2022-02-16, 4409.0, 4449.0, 4539.0, 4601.0, 4661.0, 4755.0, 4780.6,inferred
"East of England",2022-02-17, 3844.5, 3875.0, 3953.0, 4014.0, 4077.0, 4168.0, 4191.5,inferred
"East of England",2022-02-18, 3319.0, 3342.0, 3425.0, 3480.0, 3534.2, 3627.1, 3657.6,inferred
"East of England",2022-02-19, 2886.5, 2909.0, 2984.0, 3036.0, 3089.0, 3171.0, 3198.0,inferred
"East of England",2022-02-20, 3291.5, 3325.0, 3412.0, 3473.0, 3538.0, 3639.0, 3661.0,inferred
"East of England",2022-02-21, 4130.0, 4161.0, 4258.0, 4323.0, 4392.0, 4493.0, 4524.0,inferred
"East of England",2022-02-22, 3789.9, 3815.0, 3900.0, 3960.0, 4019.2, 4103.0, 4130.5,inferred
"East of England",2022-02-23, 3606.9, 3633.0, 3715.0, 3774.0, 3833.0, 3913.0, 3947.6,inferred
"East of England",2022-02-24, 3112.5, 3139.0, 3217.0, 3270.0, 3324.0, 3408.1, 3433.0,inferred
"East of England",2022-02-25, 2667.5, 2693.0, 2773.0, 2828.0, 2882.2, 2960.0, 2977.5,inferred
"East of England",2022-02-26, 2306.0, 2330.9, 2414.0, 2472.0, 2529.0, 2603.0, 2625.5,inferred
"East of England",2022-02-27, 2691.5, 2712.0, 2801.0, 2863.0, 2928.0, 3018.0, 3044.0,inferred
"East of England",2022-02-28, 3662.0, 3687.0, 3779.0, 3843.0, 3903.0, 4001.0, 4026.0,inferred
"East of England",2022-03-01, 3817.0, 3844.9, 3943.8, 4005.5, 4066.2, 4154.0, 4179.0,inferred
"East of England",2022-03-02, 4163.5, 4195.0, 4297.0, 4362.0, 4431.0, 4526.0, 4555.0,inferred
"East of England",2022-03-03, 4101.0, 4129.0, 4231.0, 4293.5, 4362.0, 4459.0, 4497.6,inferred
"East of England",2022-03-04, 3991.9, 4017.8, 4108.0, 4169.0, 4235.0, 4323.1, 4356.0,inferred
"East of England",2022-03-05, 3902.9, 3927.0, 4006.0, 4064.0, 4130.0, 4225.0, 4251.0,inferred
"East of England",2022-03-06, 5008.0, 5039.0, 5145.0, 5211.0, 5284.2, 5377.1, 5411.0,inferred
"East of England",2022-03-07, 6962.5, 7002.0, 7116.0, 7211.0, 7295.0, 7427.0, 7454.5,inferred
"East of England",2022-03-08, 7047.5, 7077.0, 7193.0, 7276.0, 7359.0, 7475.0, 7518.0,inferred
"East of England",2022-03-09, 7381.0, 7411.0, 7532.0, 7618.0, 7706.2, 7829.0, 7865.6,inferred
"East of England",2022-03-10, 7003.0, 7038.0, 7153.0, 7240.0, 7321.2, 7436.0, 7471.5,inferred
"East of England",2022-03-11, 6614.0, 6648.0, 6771.0, 6852.0, 6927.0, 7035.0, 7075.6,inferred
"East of England",2022-03-12, 6307.5, 6345.0, 6455.0, 6536.0, 6609.0, 6722.0, 6754.0,inferred
"East of England",2022-03-13, 7887.0, 7933.0, 8071.0, 8166.0, 8258.0, 8399.0, 8442.5,inferred
"East of England",2022-03-14,10491.5,10546.0,10702.0,10808.0,10914.2,11065.1,11109.6,inferred
"East of England",2022-03-15,10008.4,10061.7,10197.0,10290.0,10397.0,10528.1,10589.1,inferred
"East of England",2022-03-16, 9820.4, 9854.0, 9988.0,10087.0,10187.2,10321.1,10377.5,inferred
"East of England",2022-03-17, 8713.0, 8763.0, 8899.0, 8992.0, 9082.0, 9227.0, 9282.5,inferred
"East of England",2022-03-18, 7731.0, 7763.0, 7883.8, 7970.5, 8058.0, 8189.1, 8239.0,inferred
"East of England",2022-03-19, 6915.5, 6952.0, 7072.0, 7151.0, 7230.2, 7351.0, 7387.0,inferred
"East of England",2022-03-20, 8183.0, 8226.0, 8359.0, 8445.0, 8526.0, 8652.1, 8695.0,inferred
"East of England",2022-03-21,10446.5,10493.9,10638.0,10737.0,10839.0,10988.0,11030.0,inferred
"East of England",2022-03-22, 9690.0, 9727.9, 9858.0, 9957.0,10062.0,10188.1,10239.6,inferred
"East of England",2022-03-23, 9283.0, 9319.0, 9445.0, 9541.0, 9632.0, 9764.0, 9804.5,inferred
"East of England",2022-03-24, 8046.5, 8094.0, 8227.8, 8307.0, 8398.2, 8515.0, 8550.6,inferred
"East of England",2022-03-25, 6973.4, 7003.0, 7106.8, 7193.5, 7275.0, 7391.0, 7428.5,inferred
"East of England",2022-03-26, 6083.4, 6116.0, 6214.0, 6292.0, 6367.2, 6475.0, 6502.6,inferred
"East of England",2022-03-27, 6977.0, 7014.0, 7137.8, 7229.0, 7314.0, 7442.0, 7469.0,inferred
"East of England",2022-03-28, 8584.5, 8621.9, 8757.8, 8850.0, 8956.0, 9101.0, 9150.5,inferred
"East of England",2022-03-29, 7577.0, 7612.9, 7735.0, 7826.0, 7908.0, 8022.0, 8063.0,inferred
"East of England",2022-03-30, 6867.0, 6907.8, 7015.0, 7102.0, 7180.0, 7293.0, 7333.0,inferred
"East of England",2022-03-31, 5636.0, 5666.0, 5767.0, 5839.5, 5913.0, 6012.0, 6046.1,inferred
"East of England",2022-04-01, 4599.5, 4626.0, 4719.0, 4786.5, 4859.0, 4959.0, 4989.0,inferred
"East of England",2022-04-02, 3792.9, 3818.0, 3911.8, 3971.0, 4033.0, 4119.0, 4148.0,inferred
"East of England",2022-04-03, 4160.0, 4188.0, 4276.0, 4341.0, 4404.2, 4495.0, 4523.5,inferred
"East of England",2022-04-04, 5029.0, 5061.0, 5155.0, 5222.0, 5290.0, 5395.0, 5420.0,inferred
"East of England",2022-04-05, 4495.4, 4524.0, 4618.0, 4685.5, 4750.0, 4845.0, 4875.0,inferred
"East of England",2022-04-06, 4191.0, 4213.0, 4316.0, 4376.0, 4437.0, 4535.0, 4561.0,inferred
"East of England",2022-04-07, 3554.8, 3581.0, 3652.0, 3711.0, 3770.2, 3849.0, 3876.0,inferred
"East of England",2022-04-08, 2989.0, 3008.9, 3082.0, 3136.0, 3185.0, 3263.1, 3286.0,inferred
"East of England",2022-04-09, 2531.0, 2549.9, 2617.0, 2666.0, 2714.0, 2783.0, 2810.0,inferred
"East of England",2022-04-10, 2838.5, 2857.0, 2926.0, 2978.5, 3032.0, 3111.0, 3133.5,inferred
"East of England",2022-04-11, 3451.0, 3473.9, 3561.0, 3619.0, 3677.2, 3766.0, 3795.5,inferred
"East of England",2022-04-12, 3093.0, 3110.0, 3187.0, 3244.5, 3297.0, 3373.0, 3403.0,inferred
"East of England",2022-04-13, 2861.5, 2884.0, 2957.0, 3007.0, 3062.0, 3130.1, 3149.5,inferred
"East of England",2022-04-14, 2402.5, 2420.0, 2489.0, 2535.0, 2580.0, 2648.0, 2669.0,inferred
"East of England",2022-04-15, 2009.0, 2030.0, 2091.0, 2132.0, 2175.0, 2240.0, 2257.0,inferred
"East of England",2022-04-16, 1700.0, 1719.0, 1774.0, 1811.0, 1852.0, 1908.0, 1921.5,inferred
"East of England",2022-04-17, 1905.0, 1924.0, 1980.0, 2022.0, 2068.0, 2130.0, 2151.5,inferred
"East of England",2022-04-18, 2330.5, 2348.9, 2408.0, 2454.0, 2502.2, 2569.0, 2592.5,inferred
"East of England",2022-04-19, 2070.5, 2089.9, 2149.0, 2191.0, 2232.0, 2292.1, 2315.0,inferred
"East of England",2022-04-20, 1905.9, 1927.9, 1989.0, 2025.0, 2064.0, 2124.0, 2143.0,inferred
"East of England",2022-04-21, 1599.0, 1613.0, 1665.0, 1702.0, 1738.0, 1796.0, 1812.5,inferred
"East of England",2022-04-22, 1316.0, 1334.0, 1379.0, 1413.5, 1448.0, 1499.0, 1515.5,inferred
"East of England",2022-04-23, 1099.5, 1112.0, 1156.8, 1189.0, 1220.0, 1263.0, 1275.0,inferred
"East of England",2022-04-24, 1223.0, 1237.0, 1283.0, 1313.5, 1348.0, 1396.0, 1415.0,inferred
"East of England",2022-04-25, 1492.0, 1508.0, 1559.8, 1597.0, 1635.0, 1688.0, 1710.0,inferred
"East of England",2022-04-26, 1339.0, 1357.0, 1407.0, 1441.0, 1478.0, 1532.0, 1548.0,inferred
"East of England",2022-04-27, 1266.0, 1281.0, 1331.0, 1361.0, 1396.0, 1443.0, 1458.0,inferred
"East of England",2022-04-28, 1085.0, 1098.0, 1138.8, 1170.0, 1203.2, 1250.0, 1265.5,inferred
"East of England",2022-04-29,  922.0,  934.0,  973.0, 1001.0, 1031.0, 1071.0, 1086.5,inferred
"East of England",2022-04-30,  789.0,  801.0,  839.0,  864.0,  890.0,  931.0,  944.0,inferred
"East of England",2022-05-01,  902.0,  914.0,  955.0,  984.0, 1012.0, 1055.0, 1073.0,inferred
"East of England",2022-05-02, 1127.5, 1143.0, 1193.0, 1226.0, 1257.0, 1306.0, 1321.0,inferred
"East of England",2022-05-03, 1041.5, 1056.0, 1105.8, 1135.5, 1168.0, 1214.0, 1233.0,inferred
"East of England",2022-05-04, 1005.5, 1021.0, 1060.0, 1089.5, 1122.0, 1168.0, 1184.5,inferred
"East of England",2022-05-05,  869.5,  880.0,  920.0,  949.0,  978.0, 1017.0, 1032.0,inferred
"East of England",2022-05-06,  749.0,  759.0,  797.0,  824.0,  849.0,  886.0,  900.0,inferred
"East of England",2022-05-07,  654.0,  663.0,  695.0,  718.0,  743.0,  777.0,  789.0,inferred
"East of England",2022-05-08,  748.0,  757.0,  795.0,  820.0,  848.0,  888.0,  901.0,inferred
"East of England",2022-05-09,  941.5,  955.0,  995.0, 1025.0, 1055.0, 1102.0, 1114.0,inferred
"East of England",2022-05-10,  853.0,  866.0,  908.0,  938.0,  966.0, 1008.0, 1021.0,inferred
"East of England",2022-05-11,  807.5,  818.0,  860.8,  888.0,  919.0,  962.0,  975.0,inferred
"East of England",2022-05-12,  690.0,  700.0,  738.0,  765.0,  791.0,  833.0,  846.5,inferred
"London",2022-01-28, 9402.5, 9438.0, 9581.0, 9688.0, 9783.0, 9932.0, 9966.5,inferred
"London",2022-01-29, 8336.0, 8387.0, 8556.0, 8668.0, 8775.0, 8919.0, 8972.0,inferred
"London",2022-01-30, 9106.4, 9187.8, 9536.8, 9849.5, 9969.0,10099.0,10143.0,inferred
"London",2022-01-31,11504.3,11602.0,12022.0,12625.0,12786.5,12962.1,13012.0,inferred
"London",2022-02-01,10511.5,10604.0,10980.8,11463.5,11611.2,11777.1,11836.1,inferred
"London",2022-02-02,10041.5,10104.0,10464.0,10749.5,10890.0,11045.1,11092.0,inferred
"London",2022-02-03, 8668.0, 8722.9, 8936.8, 9081.0, 9207.0, 9369.1, 9412.2,inferred
"London",2022-02-04, 7403.5, 7438.0, 7572.0, 7665.0, 7755.0, 7874.0, 7909.6,inferred
"London",2022-02-05, 6379.5, 6418.0, 6542.0, 6622.0, 6700.0, 6819.0, 6855.0,inferred
"London",2022-02-06, 6970.4, 7003.0, 7132.0, 7225.0, 7328.0, 7496.0, 7543.0,inferred
"London",2022-02-07, 8702.9, 8749.0, 8906.0, 9022.5, 9164.2, 9381.0, 9433.0,inferred
"London",2022-02-08, 7817.9, 7868.0, 8004.0, 8109.5, 8217.0, 8385.1, 8435.6,inferred
"London",2022-02-09, 7291.0, 7330.0, 7452.0, 7543.0, 7631.2, 7764.1, 7797.5,inferred
"London",2022-02-10, 6122.5, 6155.0, 6263.8, 6339.0, 6418.2, 6526.0, 6556.0,inferred
"London",2022-02-11, 5086.0, 5112.0, 5217.0, 5287.0, 5362.0, 5469.0, 5503.6,inferred
"London",2022-02-12, 4301.0, 4346.0, 4443.0, 4508.5, 4582.2, 4680.0, 4719.0,inferred
"London",2022-02-13, 4671.0, 4705.0, 4815.0, 4891.0, 4963.0, 5058.0, 5092.5,inferred
"London",2022-02-14, 5949.0, 5978.0, 6098.0, 6175.5, 6260.0, 6374.0, 6413.0,inferred
"London",2022-02-15, 5520.0, 5549.0, 5658.0, 5726.0, 5798.0, 5905.0, 5946.5,inferred
"London",2022-02-16, 5336.4, 5368.0, 5473.8, 5544.5, 5617.0, 5718.0, 5748.0,inferred
"London",2022-02-17, 4648.0, 4676.0, 4775.0, 4840.0, 4909.0, 5010.0, 5040.5,inferred
"London",2022-02-18, 4015.5, 4041.0, 4134.0, 4201.0, 4270.0, 4358.0, 4383.0,inferred
"London",2022-02-19, 3525.0, 3551.0, 3639.0, 3706.5, 3766.0, 3862.0, 3882.6,inferred
"London",2022-02-20, 3947.0, 3979.0, 4067.8, 4132.0, 4207.0, 4310.0, 4337.0,inferred
"London",2022-02-21, 5035.4, 5081.0, 5191.0, 5271.0, 5350.0, 5479.0, 5510.5,inferred
"London",2022-02-22, 4636.5, 4666.9, 4763.0, 4834.0, 4900.0, 4990.0, 5020.6,inferred
"London",2022-02-23, 4411.5, 4435.0, 4526.8, 4593.0, 4658.0, 4753.1, 4787.6,inferred
"London",2022-02-24, 3760.9, 3788.9, 3884.0, 3948.0, 4007.0, 4091.1, 4125.6,inferred
"London",2022-02-25, 3203.9, 3234.8, 3314.8, 3378.0, 3441.0, 3535.0, 3560.0,inferred
"London",2022-02-26, 2769.5, 2806.0, 2895.0, 2958.0, 3023.0, 3110.1, 3130.0,inferred
"London",2022-02-27, 3104.5, 3135.0, 3240.0, 3306.0, 3373.0, 3462.1, 3500.0,inferred
"London",2022-02-28, 4261.5, 4294.0, 4400.0, 4474.0, 4545.2, 4642.0, 4669.0,inferred
"London",2022-03-01, 4373.0, 4403.0, 4502.0, 4571.0, 4643.0, 4733.0, 4759.5,inferred
"London",2022-03-02, 4696.0, 4724.9, 4827.0, 4898.0, 4972.0, 5082.1, 5116.1,inferred
"London",2022-03-03, 4505.0, 4542.0, 4642.0, 4709.0, 4780.0, 4896.0, 4928.0,inferred
"London",2022-03-04, 4279.5, 4305.9, 4400.0, 4468.0, 4538.0, 4626.0, 4652.5,inferred
"London",2022-03-05, 4134.0, 4166.0, 4256.0, 4318.0, 4382.0, 4473.1, 4498.6,inferred
"London",2022-03-06, 5070.5, 5102.0, 5205.0, 5272.0, 5338.0, 5452.1, 5491.0,inferred
"London",2022-03-07, 7077.0, 7124.0, 7247.8, 7331.5, 7423.0, 7541.1, 7586.5,inferred
"London",2022-03-08, 7062.5, 7099.0, 7224.8, 7307.0, 7391.2, 7518.0, 7554.0,inferred
"London",2022-03-09, 7295.0, 7339.0, 7460.0, 7544.0, 7620.0, 7753.0, 7787.0,inferred
"London",2022-03-10, 6812.3, 6848.0, 6949.0, 7026.0, 7110.0, 7228.0, 7270.0,inferred
"London",2022-03-11, 6306.0, 6338.0, 6441.0, 6514.0, 6594.0, 6702.0, 6736.0,inferred
"London",2022-03-12, 5938.0, 5978.0, 6086.0, 6160.0, 6234.0, 6340.0, 6370.5,inferred
"London",2022-03-13, 7095.9, 7137.9, 7273.8, 7359.0, 7452.0, 7578.0, 7609.0,inferred
"London",2022-03-14, 9653.0, 9691.8, 9854.0, 9950.5,10056.0,10202.1,10248.0,inferred
"London",2022-03-15, 9268.0, 9315.0, 9453.0, 9550.5, 9651.2, 9790.1, 9841.5,inferred
"London",2022-03-16, 9233.5, 9271.0, 9414.0, 9507.0, 9598.0, 9735.0, 9771.1,inferred
"London",2022-03-17, 8253.0, 8293.0, 8429.0, 8522.5, 8614.0, 8749.1, 8798.6,inferred
"London",2022-03-18, 7338.5, 7377.0, 7507.0, 7593.0, 7679.0, 7795.1, 7847.7,inferred
"London",2022-03-19, 6684.5, 6730.0, 6838.0, 6917.0, 6997.0, 7116.0, 7164.0,inferred
"London",2022-03-20, 7734.0, 7767.9, 7892.0, 7981.0, 8070.0, 8195.0, 8229.1,inferred
"London",2022-03-21,10203.5,10234.0,10393.0,10485.5,10598.0,10757.0,10808.0,inferred
"London",2022-03-22, 9584.4, 9620.0, 9768.8, 9863.0, 9963.2,10107.1,10149.6,inferred
"London",2022-03-23, 9318.5, 9365.0, 9512.8, 9603.0, 9699.0, 9842.0, 9886.5,inferred
"London",2022-03-24, 8180.0, 8217.9, 8337.0, 8422.5, 8516.0, 8639.0, 8683.5,inferred
"London",2022-03-25, 7115.0, 7155.0, 7266.0, 7352.5, 7442.0, 7564.0, 7600.5,inferred
"London",2022-03-26, 6318.4, 6361.0, 6477.0, 6552.0, 6635.0, 6746.0, 6791.0,inferred
"London",2022-03-27, 7123.0, 7164.0, 7291.0, 7377.5, 7475.0, 7604.0, 7643.6,inferred
"London",2022-03-28, 8998.4, 9043.0, 9192.0, 9292.5, 9389.0, 9534.1, 9593.0,inferred
"London",2022-03-29, 7918.4, 7968.9, 8099.0, 8189.5, 8289.0, 8411.0, 8447.5,inferred
"London",2022-03-30, 7154.0, 7188.9, 7315.0, 7401.0, 7488.2, 7616.0, 7664.0,inferred
"London",2022-03-31, 5790.5, 5822.0, 5939.0, 6018.0, 6097.0, 6200.0, 6236.0,inferred
"London",2022-04-01, 4667.5, 4701.0, 4792.0, 4863.0, 4930.0, 5038.1, 5071.0,inferred
"London",2022-04-02, 3847.0, 3867.0, 3959.0, 4020.0, 4083.0, 4181.0, 4205.5,inferred
"London",2022-04-03, 4035.0, 4065.0, 4156.0, 4223.0, 4283.0, 4375.0, 4401.0,inferred
"London",2022-04-04, 4959.5, 4988.0, 5086.0, 5160.0, 5227.0, 5326.1, 5368.0,inferred
"London",2022-04-05, 4397.5, 4429.0, 4529.0, 4600.5, 4660.2, 4758.0, 4790.0,inferred
"London",2022-04-06, 4106.4, 4131.0, 4223.0, 4289.0, 4346.0, 4434.0, 4468.0,inferred
"London",2022-04-07, 3447.4, 3469.0, 3546.8, 3607.5, 3660.0, 3738.0, 3769.5,inferred
"London",2022-04-08, 2866.0, 2886.0, 2960.0, 3008.0, 3061.0, 3139.0, 3163.0,inferred
"London",2022-04-09, 2420.9, 2442.0, 2514.0, 2561.0, 2607.0, 2682.0, 2702.5,inferred
"London",2022-04-10, 2605.0, 2628.0, 2707.8, 2757.0, 2808.0, 2882.1, 2907.0,inferred
"London",2022-04-11, 3260.5, 3288.0, 3367.0, 3423.0, 3479.0, 3565.0, 3589.0,inferred
"London",2022-04-12, 2921.0, 2946.0, 3020.0, 3073.5, 3131.0, 3201.1, 3224.5,inferred
"London",2022-04-13, 2731.9, 2752.0, 2825.0, 2874.0, 2925.0, 3000.0, 3023.0,inferred
"London",2022-04-14, 2293.5, 2313.0, 2374.0, 2419.0, 2467.0, 2539.0, 2562.0,inferred
"London",2022-04-15, 1923.0, 1936.0, 1996.0, 2040.0, 2081.0, 2150.1, 2167.5,inferred
"London",2022-04-16, 1630.5, 1655.0, 1711.0, 1750.0, 1788.0, 1849.0, 1867.5,inferred
"London",2022-04-17, 1790.4, 1811.0, 1863.0, 1905.0, 1946.2, 2011.0, 2033.0,inferred
"London",2022-04-18, 2253.5, 2272.9, 2336.8, 2383.0, 2432.0, 2504.0, 2526.5,inferred
"London",2022-04-19, 2019.5, 2042.0, 2105.0, 2150.0, 2195.2, 2255.1, 2273.5,inferred
"London",2022-04-20, 1889.5, 1916.0, 1972.0, 2014.0, 2058.0, 2121.0, 2140.0,inferred
"London",2022-04-21, 1589.0, 1607.0, 1661.8, 1700.0, 1735.0, 1789.0, 1806.0,inferred
"London",2022-04-22, 1319.5, 1338.0, 1384.0, 1420.0, 1455.0, 1509.0, 1527.0,inferred
"London",2022-04-23, 1117.9, 1135.0, 1181.0, 1213.0, 1245.0, 1293.0, 1308.0,inferred
"London",2022-04-24, 1217.0, 1230.0, 1276.0, 1309.0, 1342.2, 1397.0, 1416.5,inferred
"London",2022-04-25, 1536.0, 1551.9, 1611.0, 1649.0, 1689.2, 1747.0, 1767.0,inferred
"London",2022-04-26, 1405.0, 1421.0, 1470.0, 1512.0, 1551.0, 1605.0, 1623.0,inferred
"London",2022-04-27, 1340.9, 1360.0, 1414.0, 1448.0, 1482.0, 1539.0, 1554.0,inferred
"London",2022-04-28, 1161.0, 1176.0, 1222.8, 1254.0, 1290.0, 1342.0, 1358.5,inferred
"London",2022-04-29,  992.0, 1005.0, 1047.0, 1078.0, 1110.0, 1156.0, 1173.0,inferred
"London",2022-04-30,  859.5,  871.0,  916.0,  945.0,  977.0, 1019.0, 1031.5,inferred
"London",2022-05-01,  967.5,  977.0, 1023.0, 1055.0, 1087.0, 1133.0, 1146.0,inferred
"London",2022-05-02, 1262.0, 1275.0, 1327.0, 1363.5, 1401.0, 1454.0, 1470.0,inferred
"London",2022-05-03, 1196.5, 1209.0, 1256.0, 1289.0, 1323.0, 1372.0, 1389.0,inferred
"London",2022-05-04, 1173.5, 1188.0, 1237.0, 1271.0, 1305.0, 1356.0, 1374.0,inferred
"London",2022-05-05, 1036.0, 1051.0, 1095.0, 1126.0, 1157.0, 1204.0, 1222.5,inferred
"London",2022-05-06,  905.0,  918.0,  962.0,  992.0, 1024.0, 1063.0, 1081.0,inferred
"London",2022-05-07,  813.0,  823.0,  859.0,  885.0,  915.0,  957.0,  971.5,inferred
"London",2022-05-08,  921.0,  933.0,  974.0, 1004.0, 1032.0, 1075.0, 1092.5,inferred
"London",2022-05-09, 1185.5, 1201.0, 1249.8, 1286.0, 1322.2, 1375.0, 1391.0,inferred
"London",2022-05-10, 1091.5, 1106.0, 1150.0, 1182.5, 1214.0, 1259.0, 1278.5,inferred
"London",2022-05-11, 1026.0, 1040.0, 1086.0, 1119.0, 1151.0, 1203.0, 1221.0,inferred
"London",2022-05-12,  860.0,  878.9,  924.0,  956.0,  988.0, 1036.0, 1053.0,inferred
"South East",2022-01-28,13864.0,13927.8,14071.0,14176.0,14285.2,14451.0,14512.5,inferred
"South East",2022-01-29,12285.5,12355.9,12624.8,12798.5,12936.2,13101.0,13128.1,inferred
"South East",2022-01-30,13623.0,13701.0,14145.0,14749.5,14909.2,15084.1,15151.5,inferred
"South East",2022-01-31,17028.3,17160.0,17734.0,18811.0,19025.2,19261.0,19325.2,inferred
"South East",2022-02-01,15173.9,15306.8,15834.2,16649.0,16870.0,17107.0,17169.7,inferred
"South East",2022-02-02,14435.5,14540.8,14981.2,15532.0,15713.0,15933.1,15995.0,inferred
"South East",2022-02-03,12364.5,12442.8,12754.5,13021.0,13181.0,13386.1,13468.6,inferred
"South East",2022-02-04,10722.0,10762.9,10965.8,11087.0,11207.2,11369.1,11419.5,inferred
"South East",2022-02-05, 9266.0, 9298.0, 9434.0, 9519.0, 9612.0, 9735.0, 9781.0,inferred
"South East",2022-02-06,10195.0,10243.0,10377.0,10490.0,10618.0,10806.1,10855.5,inferred
"South East",2022-02-07,12667.9,12713.0,12905.0,13058.0,13255.2,13552.0,13622.0,inferred
"South East",2022-02-08,11183.5,11231.9,11395.8,11520.5,11673.2,11901.1,11964.0,inferred
"South East",2022-02-09,10483.0,10532.9,10676.0,10795.0,10906.0,11046.1,11094.5,inferred
"South East",2022-02-10, 8820.0, 8864.0, 8997.0, 9083.5, 9170.0, 9319.0, 9357.6,inferred
"South East",2022-02-11, 7499.0, 7546.0, 7667.0, 7747.0, 7830.0, 7946.0, 7976.5,inferred
"South East",2022-02-12, 6427.5, 6464.0, 6574.0, 6654.5, 6733.0, 6857.0, 6888.0,inferred
"South East",2022-02-13, 7083.5, 7123.0, 7245.0, 7331.0, 7426.0, 7555.0, 7586.0,inferred
"South East",2022-02-14, 8914.4, 8956.0, 9093.0, 9184.0, 9284.2, 9432.1, 9483.0,inferred
"South East",2022-02-15, 7958.0, 7993.0, 8118.0, 8202.0, 8290.0, 8416.0, 8443.0,inferred
"South East",2022-02-16, 7530.0, 7562.0, 7677.0, 7757.0, 7837.0, 7958.0, 7994.5,inferred
"South East",2022-02-17, 6389.5, 6429.0, 6535.0, 6617.0, 6694.0, 6795.0, 6829.5,inferred
"South East",2022-02-18, 5488.0, 5515.9, 5619.0, 5692.0, 5763.0, 5867.0, 5907.6,inferred
"South East",2022-02-19, 4730.4, 4761.0, 4849.0, 4924.0, 4999.0, 5094.0, 5116.0,inferred
"South East",2022-02-20, 5238.0, 5280.0, 5386.0, 5459.0, 5534.2, 5653.1, 5689.0,inferred
"South East",2022-02-21, 6626.0, 6667.9, 6821.0, 6910.5, 6998.2, 7133.0, 7171.5,inferred
"South East",2022-02-22, 5993.0, 6033.0, 6157.0, 6233.0, 6318.2, 6431.0, 6464.0,inferred
"South East",2022-02-23, 5783.0, 5817.0, 5918.0, 5995.0, 6068.0, 6170.0, 6199.0,inferred
"South East",2022-02-24, 4986.0, 5026.0, 5123.8, 5192.0, 5265.0, 5363.0, 5396.6,inferred
"South East",2022-02-25, 4356.0, 4384.9, 4486.0, 4555.0, 4626.0, 4731.0, 4762.0,inferred
"South East",2022-02-26, 3835.4, 3869.0, 3960.0, 4030.5, 4104.2, 4202.0, 4234.5,inferred
"South East",2022-02-27, 4365.5, 4403.0, 4513.0, 4590.0, 4678.0, 4778.0, 4822.0,inferred
"South East",2022-02-28, 6027.0, 6073.0, 6185.0, 6267.0, 6346.2, 6462.0, 6509.0,inferred
"South East",2022-03-01, 6123.5, 6157.0, 6278.8, 6355.0, 6432.0, 6557.1, 6593.0,inferred
"South East",2022-03-02, 6615.0, 6659.0, 6785.8, 6876.5, 6972.2, 7110.1, 7163.5,inferred
"South East",2022-03-03, 6436.4, 6472.0, 6601.0, 6682.0, 6767.0, 6906.0, 6948.6,inferred
"South East",2022-03-04, 6270.0, 6309.0, 6427.0, 6510.0, 6588.0, 6706.0, 6743.6,inferred
"South East",2022-03-05, 6140.5, 6181.0, 6293.0, 6371.0, 6452.2, 6560.0, 6595.0,inferred
"South East",2022-03-06, 7703.9, 7749.0, 7884.0, 7975.5, 8064.0, 8193.0, 8234.0,inferred
"South East",2022-03-07,10923.0,10967.9,11123.0,11237.5,11348.2,11502.0,11548.0,inferred
"South East",2022-03-08,10847.0,10898.0,11052.0,11157.0,11266.0,11423.0,11464.0,inferred
"South East",2022-03-09,11417.5,11465.0,11620.8,11720.0,11824.0,11977.1,12029.0,inferred
"South East",2022-03-10,10800.5,10846.9,10980.8,11087.0,11191.0,11340.0,11382.0,inferred
"South East",2022-03-11,10281.5,10339.7,10480.0,10571.0,10671.0,10813.0,10875.0,inferred
"South East",2022-03-12, 9884.5, 9923.0,10064.8,10163.0,10271.0,10401.1,10457.0,inferred
"South East",2022-03-13,12131.0,12191.9,12356.0,12474.0,12598.0,12791.0,12859.2,inferred
"South East",2022-03-14,16488.0,16555.0,16749.8,16895.5,17029.0,17236.1,17320.1,inferred
"South East",2022-03-15,15481.5,15530.9,15710.0,15832.0,15951.0,16125.0,16177.0,inferred
"South East",2022-03-16,15248.0,15299.0,15477.8,15590.0,15707.0,15895.0,15962.0,inferred
"South East",2022-03-17,13521.0,13556.9,13727.0,13845.5,13962.2,14144.0,14201.1,inferred
"South East",2022-03-18,12110.0,12165.0,12331.8,12444.0,12550.2,12723.1,12787.5,inferred
"South East",2022-03-19,10994.5,11033.0,11183.8,11282.0,11388.0,11537.1,11597.5,inferred
"South East",2022-03-20,12809.5,12846.0,13000.8,13113.0,13227.2,13380.2,13420.0,inferred
"South East",2022-03-21,16670.0,16711.0,16891.0,17025.0,17156.2,17346.1,17411.0,inferred
"South East",2022-03-22,15105.0,15154.0,15352.8,15471.0,15593.2,15787.1,15852.5,inferred
"South East",2022-03-23,14501.5,14541.0,14703.8,14807.0,14934.0,15100.1,15157.0,inferred
"South East",2022-03-24,12446.5,12510.0,12661.8,12776.5,12885.0,13048.0,13103.6,inferred
"South East",2022-03-25,10856.0,10898.8,11046.8,11143.0,11238.0,11390.0,11439.7,inferred
"South East",2022-03-26, 9527.0, 9578.9, 9697.0, 9796.0, 9890.0,10027.0,10072.0,inferred
"South East",2022-03-27,10719.5,10755.9,10909.8,11012.0,11119.0,11294.1,11347.0,inferred
"South East",2022-03-28,13407.0,13473.8,13645.0,13770.0,13897.0,14069.0,14131.5,inferred
"South East",2022-03-29,11673.0,11716.0,11873.0,11983.0,12084.2,12244.1,12311.0,inferred
"South East",2022-03-30,10649.0,10695.0,10835.0,10936.5,11034.0,11186.0,11228.0,inferred
"South East",2022-03-31, 8696.5, 8738.0, 8878.0, 8976.0, 9066.0, 9213.0, 9260.5,inferred
"South East",2022-04-01, 7213.0, 7254.0, 7383.0, 7473.0, 7553.2, 7678.0, 7713.0,inferred
"South East",2022-04-02, 6039.5, 6070.0, 6173.0, 6258.0, 6337.0, 6451.0, 6485.6,inferred
"South East",2022-04-03, 6524.0, 6557.0, 6664.0, 6736.0, 6815.2, 6928.1, 6967.6,inferred
"South East",2022-04-04, 8033.4, 8080.8, 8198.0, 8292.5, 8386.5, 8520.0, 8556.5,inferred
"South East",2022-04-05, 7062.0, 7096.0, 7215.0, 7302.5, 7389.0, 7512.0, 7546.5,inferred
"South East",2022-04-06, 6614.5, 6648.0, 6751.0, 6830.5, 6905.0, 7025.0, 7061.0,inferred
"South East",2022-04-07, 5546.0, 5586.0, 5684.0, 5754.0, 5822.0, 5923.0, 5959.0,inferred
"South East",2022-04-08, 4710.0, 4739.0, 4831.0, 4893.0, 4955.0, 5054.0, 5083.5,inferred
"South East",2022-04-09, 4023.5, 4049.0, 4130.0, 4191.0, 4249.0, 4346.0, 4372.6,inferred
"South East",2022-04-10, 4406.0, 4439.0, 4532.0, 4599.0, 4662.0, 4749.0, 4779.0,inferred
"South East",2022-04-11, 5456.0, 5486.0, 5592.0, 5661.0, 5735.0, 5845.0, 5887.0,inferred
"South East",2022-04-12, 4742.0, 4771.0, 4866.0, 4935.0, 4997.0, 5088.0, 5124.0,inferred
"South East",2022-04-13, 4351.0, 4390.0, 4479.0, 4540.0, 4604.0, 4693.2, 4721.0,inferred
"South East",2022-04-14, 3590.0, 3616.0, 3697.0, 3754.0, 3811.0, 3895.0, 3927.0,inferred
"South East",2022-04-15, 3003.5, 3033.0, 3104.0, 3154.0, 3207.0, 3274.1, 3304.0,inferred
"South East",2022-04-16, 2525.9, 2551.0, 2621.0, 2669.0, 2717.0, 2784.1, 2809.0,inferred
"South East",2022-04-17, 2746.0, 2769.9, 2843.0, 2892.0, 2941.0, 3012.0, 3041.0,inferred
"South East",2022-04-18, 3399.0, 3421.9, 3499.8, 3554.0, 3615.0, 3694.1, 3726.5,inferred
"South East",2022-04-19, 2956.5, 2980.0, 3054.8, 3108.5, 3157.0, 3236.0, 3256.5,inferred
"South East",2022-04-20, 2736.5, 2761.9, 2827.0, 2875.0, 2927.0, 2997.0, 3017.0,inferred
"South East",2022-04-21, 2262.9, 2284.0, 2345.0, 2390.0, 2435.0, 2497.0, 2522.0,inferred
"South East",2022-04-22, 1887.0, 1910.0, 1968.0, 2008.0, 2049.0, 2111.1, 2128.0,inferred
"South East",2022-04-23, 1591.5, 1605.0, 1661.0, 1699.0, 1737.0, 1795.0, 1811.0,inferred
"South East",2022-04-24, 1722.0, 1741.0, 1799.0, 1839.0, 1876.2, 1936.0, 1960.0,inferred
"South East",2022-04-25, 2150.0, 2172.0, 2231.0, 2279.0, 2324.0, 2390.1, 2413.5,inferred
"South East",2022-04-26, 1895.0, 1916.0, 1978.0, 2021.0, 2067.0, 2125.0, 2143.0,inferred
"South East",2022-04-27, 1780.5, 1805.0, 1868.0, 1908.0, 1954.0, 2010.0, 2032.5,inferred
"South East",2022-04-28, 1522.5, 1540.0, 1591.0, 1627.0, 1661.0, 1714.0, 1732.5,inferred
"South East",2022-04-29, 1306.5, 1320.0, 1368.0, 1402.0, 1439.0, 1486.0, 1504.5,inferred
"South East",2022-04-30, 1126.5, 1141.0, 1184.8, 1217.0, 1252.0, 1296.0, 1314.0,inferred
"South East",2022-05-01, 1258.5, 1276.0, 1326.8, 1361.0, 1396.0, 1447.0, 1460.0,inferred
"South East",2022-05-02, 1620.0, 1637.0, 1698.0, 1737.0, 1775.0, 1830.0, 1850.0,inferred
"South East",2022-05-03, 1478.0, 1495.0, 1548.0, 1585.5, 1626.0, 1676.0, 1694.1,inferred
"South East",2022-05-04, 1436.0, 1453.0, 1500.0, 1539.0, 1577.0, 1628.0, 1651.0,inferred
"South East",2022-05-05, 1251.5, 1269.0, 1313.8, 1343.0, 1378.0, 1425.0, 1444.0,inferred
"South East",2022-05-06, 1091.5, 1105.0, 1149.0, 1183.0, 1213.2, 1265.0, 1281.0,inferred
"South East",2022-05-07,  958.0,  974.0, 1014.0, 1043.0, 1073.0, 1113.0, 1124.0,inferred
"South East",2022-05-08, 1091.5, 1104.0, 1151.0, 1183.0, 1214.0, 1259.0, 1270.5,inferred
"South East",2022-05-09, 1404.0, 1420.0, 1470.0, 1507.0, 1543.0, 1597.0, 1615.0,inferred
"South East",2022-05-10, 1248.5, 1266.0, 1324.0, 1357.0, 1393.0, 1445.0, 1460.5,inferred
"South East",2022-05-11, 1188.5, 1207.0, 1259.0, 1293.0, 1328.0, 1384.0, 1396.5,inferred
"South East",2022-05-12, 1013.0, 1028.0, 1078.0, 1110.0, 1144.0, 1195.0, 1206.5,inferred
"South West",2022-01-28, 7587.5, 7624.9, 7752.0, 7847.0, 7955.0, 8099.0, 8152.5,inferred
"South West",2022-01-29, 6937.0, 6969.0, 7092.0, 7181.0, 7277.0, 7403.0, 7443.0,inferred
"South West",2022-01-30, 7984.5, 8037.8, 8308.8, 8511.0, 8636.0, 8785.0, 8825.0,inferred
"South West",2022-01-31, 9956.5,10050.0,10457.8,10895.0,11036.2,11210.0,11264.0,inferred
"South West",2022-02-01, 9002.5, 9077.9, 9376.2, 9740.0, 9887.0,10054.1,10105.5,inferred
"South West",2022-02-02, 8492.5, 8552.9, 8847.8, 9057.5, 9184.0, 9347.0, 9391.6,inferred
"South West",2022-02-03, 7312.9, 7362.0, 7537.0, 7669.0, 7779.0, 7930.0, 7975.0,inferred
"South West",2022-02-04, 6324.0, 6377.0, 6506.0, 6591.5, 6677.0, 6788.0, 6829.5,inferred
"South West",2022-02-05, 5546.0, 5578.0, 5690.0, 5769.0, 5842.0, 5955.0, 5994.0,inferred
"South West",2022-02-06, 6325.0, 6363.0, 6491.0, 6589.0, 6679.2, 6809.0, 6846.5,inferred
"South West",2022-02-07, 7908.0, 7944.0, 8102.0, 8217.5, 8332.2, 8512.1, 8565.0,inferred
"South West",2022-02-08, 7050.0, 7090.0, 7217.0, 7307.5, 7404.2, 7559.0, 7608.5,inferred
"South West",2022-02-09, 6553.0, 6595.0, 6713.0, 6802.5, 6887.2, 7025.0, 7076.0,inferred
"South West",2022-02-10, 5536.0, 5579.0, 5687.0, 5758.0, 5839.0, 5962.0, 6001.6,inferred
"South West",2022-02-11, 4748.5, 4774.9, 4875.0, 4940.0, 5006.0, 5119.0, 5152.5,inferred
"South West",2022-02-12, 4114.5, 4145.0, 4245.0, 4306.0, 4370.0, 4467.0, 4503.5,inferred
"South West",2022-02-13, 4702.5, 4735.0, 4833.0, 4903.0, 4977.0, 5079.0, 5105.0,inferred
"South West",2022-02-14, 5867.5, 5914.0, 6023.0, 6100.5, 6174.2, 6299.0, 6337.5,inferred
"South West",2022-02-15, 5168.4, 5204.0, 5301.0, 5379.0, 5450.0, 5567.0, 5600.6,inferred
"South West",2022-02-16, 4748.5, 4786.0, 4895.0, 4964.0, 5031.0, 5132.0, 5167.0,inferred
"South West",2022-02-17, 3964.0, 3994.9, 4082.0, 4152.5, 4211.0, 4311.0, 4338.5,inferred
"South West",2022-02-18, 3353.5, 3383.0, 3462.0, 3518.5, 3577.0, 3666.0, 3693.5,inferred
"South West",2022-02-19, 2866.5, 2889.0, 2972.0, 3026.5, 3082.0, 3161.0, 3194.0,inferred
"South West",2022-02-20, 3234.0, 3257.0, 3342.0, 3403.0, 3464.2, 3536.1, 3570.5,inferred
"South West",2022-02-21, 4062.0, 4102.0, 4199.8, 4267.0, 4340.0, 4446.0, 4479.5,inferred
"South West",2022-02-22, 3702.4, 3733.0, 3824.0, 3888.5, 3952.0, 4051.0, 4086.0,inferred
"South West",2022-02-23, 3538.5, 3573.0, 3674.0, 3732.0, 3791.0, 3879.0, 3907.5,inferred
"South West",2022-02-24, 3096.5, 3124.0, 3203.0, 3258.0, 3312.2, 3389.0, 3416.0,inferred
"South West",2022-02-25, 2729.8, 2754.0, 2831.0, 2882.0, 2935.0, 3014.1, 3046.0,inferred
"South West",2022-02-26, 2439.5, 2466.0, 2535.0, 2587.5, 2637.0, 2716.1, 2732.5,inferred
"South West",2022-02-27, 2869.5, 2900.9, 2997.0, 3052.0, 3113.0, 3196.1, 3228.0,inferred
"South West",2022-02-28, 3941.5, 3975.0, 4066.0, 4130.0, 4201.2, 4292.0, 4321.0,inferred
"South West",2022-03-01, 3960.0, 3987.0, 4081.0, 4146.0, 4214.0, 4320.2, 4355.5,inferred
"South West",2022-03-02, 4201.5, 4230.0, 4324.0, 4397.0, 4468.0, 4577.0, 4613.0,inferred
"South West",2022-03-03, 4032.0, 4061.0, 4156.0, 4219.0, 4288.0, 4382.0, 4408.6,inferred
"South West",2022-03-04, 3904.0, 3922.9, 4015.8, 4078.0, 4139.0, 4248.0, 4276.0,inferred
"South West",2022-03-05, 3812.9, 3848.0, 3935.0, 3998.0, 4065.2, 4158.0, 4183.5,inferred
"South West",2022-03-06, 4897.0, 4927.0, 5036.0, 5116.0, 5193.2, 5305.0, 5348.1,inferred
"South West",2022-03-07, 6917.0, 6972.0, 7104.0, 7203.5, 7297.0, 7433.1, 7476.5,inferred
"South West",2022-03-08, 7009.0, 7049.0, 7178.0, 7267.0, 7358.2, 7494.0, 7526.0,inferred
"South West",2022-03-09, 7413.5, 7459.0, 7584.0, 7668.0, 7761.0, 7887.0, 7935.0,inferred
"South West",2022-03-10, 7117.5, 7154.0, 7278.0, 7362.0, 7444.0, 7563.0, 7613.0,inferred
"South West",2022-03-11, 6895.0, 6926.0, 7047.8, 7129.5, 7215.0, 7332.0, 7363.5,inferred
"South West",2022-03-12, 6770.4, 6808.0, 6930.0, 7016.0, 7096.0, 7226.0, 7261.5,inferred
"South West",2022-03-13, 8687.4, 8739.0, 8878.0, 8970.0, 9079.2, 9227.0, 9281.0,inferred
"South West",2022-03-14,11872.0,11910.9,12100.0,12220.0,12340.5,12515.0,12572.5,inferred
"South West",2022-03-15,11238.0,11285.9,11451.0,11557.0,11675.0,11836.1,11883.5,inferred
"South West",2022-03-16,11015.5,11066.9,11237.0,11347.5,11462.0,11617.2,11672.5,inferred
"South West",2022-03-17, 9842.0, 9894.0,10033.0,10133.0,10238.0,10379.0,10425.0,inferred
"South West",2022-03-18, 8895.0, 8948.0, 9087.0, 9181.0, 9278.0, 9427.1, 9477.0,inferred
"South West",2022-03-19, 8178.0, 8222.0, 8365.0, 8451.0, 8548.0, 8682.0, 8722.0,inferred
"South West",2022-03-20, 9868.0, 9910.0,10057.8,10166.5,10276.0,10432.1,10480.0,inferred
"South West",2022-03-21,12742.5,12793.9,12969.8,13110.0,13238.2,13409.0,13457.5,inferred
"South West",2022-03-22,11474.5,11521.9,11686.0,11802.0,11914.0,12070.1,12125.5,inferred
"South West",2022-03-23,10712.4,10764.7,10913.0,11021.0,11125.0,11278.1,11324.5,inferred
"South West",2022-03-24, 9074.4, 9125.0, 9257.0, 9363.5, 9460.2, 9600.0, 9645.0,inferred
"South West",2022-03-25, 7773.5, 7814.9, 7954.0, 8042.5, 8133.0, 8262.1, 8305.0,inferred
"South West",2022-03-26, 6777.9, 6817.0, 6945.0, 7027.0, 7114.0, 7228.0, 7272.0,inferred
"South West",2022-03-27, 7745.4, 7790.9, 7926.0, 8026.0, 8117.2, 8259.1, 8300.0,inferred
"South West",2022-03-28, 9545.0, 9597.9, 9760.0, 9862.0, 9967.0,10128.0,10188.5,inferred
"South West",2022-03-29, 8208.4, 8245.0, 8384.8, 8478.0, 8576.2, 8728.0, 8779.0,inferred
"South West",2022-03-30, 7324.5, 7362.0, 7483.0, 7572.0, 7661.0, 7785.0, 7823.5,inferred
"South West",2022-03-31, 5885.5, 5931.0, 6054.8, 6138.0, 6215.0, 6328.0, 6355.0,inferred
"South West",2022-04-01, 4833.5, 4867.0, 4963.0, 5042.0, 5121.0, 5230.0, 5260.1,inferred
"South West",2022-04-02, 4033.5, 4059.9, 4148.0, 4212.5, 4278.0, 4376.0, 4409.5,inferred
"South West",2022-04-03, 4409.0, 4441.0, 4536.8, 4607.5, 4679.2, 4790.0, 4829.0,inferred
"South West",2022-04-04, 5361.5, 5401.0, 5512.0, 5590.0, 5666.0, 5777.0, 5812.0,inferred
"South West",2022-04-05, 4691.0, 4723.0, 4828.0, 4899.0, 4969.0, 5071.0, 5099.0,inferred
"South West",2022-04-06, 4304.5, 4342.9, 4435.0, 4503.0, 4564.2, 4668.0, 4695.5,inferred
"South West",2022-04-07, 3595.5, 3620.0, 3708.8, 3770.0, 3832.0, 3927.1, 3948.0,inferred
"South West",2022-04-08, 3036.0, 3058.0, 3143.0, 3193.0, 3246.0, 3326.0, 3355.1,inferred
"South West",2022-04-09, 2593.0, 2621.0, 2698.0, 2747.0, 2796.0, 2872.0, 2897.5,inferred
"South West",2022-04-10, 2914.4, 2938.0, 3023.0, 3078.0, 3133.0, 3215.0, 3245.6,inferred
"South West",2022-04-11, 3594.5, 3621.0, 3711.0, 3774.0, 3836.0, 3928.0, 3963.5,inferred
"South West",2022-04-12, 3139.5, 3165.0, 3246.0, 3299.0, 3354.0, 3438.1, 3457.5,inferred
"South West",2022-04-13, 2851.0, 2879.0, 2958.0, 3012.0, 3067.0, 3141.0, 3160.0,inferred
"South West",2022-04-14, 2365.0, 2389.0, 2456.0, 2504.0, 2558.0, 2626.1, 2650.5,inferred
"South West",2022-04-15, 1983.5, 2002.0, 2067.0, 2109.0, 2152.0, 2220.0, 2239.0,inferred
"South West",2022-04-16, 1693.0, 1709.0, 1765.0, 1803.0, 1849.0, 1913.0, 1930.5,inferred
"South West",2022-04-17, 1891.5, 1910.0, 1975.0, 2018.0, 2062.0, 2124.0, 2146.5,inferred
"South West",2022-04-18, 2327.0, 2346.0, 2417.8, 2466.0, 2512.0, 2591.1, 2617.0,inferred
"South West",2022-04-19, 2011.5, 2033.0, 2098.0, 2143.0, 2191.0, 2255.0, 2276.0,inferred
"South West",2022-04-20, 1819.0, 1844.0, 1905.8, 1949.0, 1991.2, 2054.0, 2075.5,inferred
"South West",2022-04-21, 1506.5, 1520.0, 1574.0, 1610.0, 1649.0, 1706.0, 1721.5,inferred
"South West",2022-04-22, 1240.0, 1256.9, 1307.0, 1342.0, 1378.0, 1431.0, 1451.0,inferred
"South West",2022-04-23, 1042.0, 1056.0, 1101.8, 1136.0, 1170.0, 1221.0, 1238.5,inferred
"South West",2022-04-24, 1159.0, 1174.0, 1219.8, 1253.0, 1289.0, 1342.0, 1355.5,inferred
"South West",2022-04-25, 1427.5, 1448.0, 1502.0, 1542.0, 1579.2, 1632.0, 1654.0,inferred
"South West",2022-04-26, 1254.5, 1269.0, 1324.0, 1361.0, 1395.2, 1448.0, 1467.0,inferred
"South West",2022-04-27, 1162.0, 1179.0, 1225.0, 1259.0, 1294.0, 1348.0, 1362.0,inferred
"South West",2022-04-28,  978.5,  992.0, 1035.0, 1066.0, 1098.0, 1147.0, 1163.0,inferred
"South West",2022-04-29,  833.0,  842.0,  882.8,  914.0,  945.2,  988.0, 1000.5,inferred
"South West",2022-04-30,  713.0,  727.0,  768.0,  795.0,  826.0,  867.0,  880.0,inferred
"South West",2022-05-01,  819.5,  834.0,  874.0,  904.0,  937.0,  980.0,  994.0,inferred
"South West",2022-05-02, 1046.0, 1058.0, 1104.0, 1139.0, 1173.0, 1222.0, 1237.5,inferred
"South West",2022-05-03,  935.0,  951.0,  999.0, 1033.0, 1064.0, 1110.0, 1125.5,inferred
"South West",2022-05-04,  889.0,  903.0,  945.0,  975.0, 1005.0, 1050.0, 1068.0,inferred
"South West",2022-05-05,  764.0,  774.0,  811.0,  837.0,  865.0,  909.0,  919.5,inferred
"South West",2022-05-06,  654.5,  667.0,  702.0,  727.0,  755.0,  793.0,  810.0,inferred
"South West",2022-05-07,  573.0,  584.0,  618.0,  644.0,  667.0,  702.0,  714.5,inferred
"South West",2022-05-08,  666.0,  675.0,  711.8,  736.0,  763.0,  801.0,  815.0,inferred
"South West",2022-05-09,  840.0,  849.0,  893.0,  925.0,  957.2, 1001.0, 1015.0,inferred
"South West",2022-05-10,  743.0,  757.0,  798.0,  827.0,  854.0,  900.0,  911.0,inferred
"South West",2022-05-11,  685.0,  699.0,  737.0,  764.0,  793.0,  840.0,  856.5,inferred
"South West",2022-05-12,  574.5,  586.0,  623.0,  650.0,  678.0,  715.0,  734.0,inferred
"Wales",2022-01-28, 1751.0, 1770.0, 1843.0, 1888.0, 1938.0, 2012.0, 2030.5,inferred
"Wales",2022-01-29, 1476.0, 1491.0, 1557.0, 1602.0, 1647.0, 1706.0, 1731.0,inferred
"Wales",2022-01-30, 1569.0, 1593.9, 1682.0, 1740.0, 1799.0, 1871.0, 1895.5,inferred
"Wales",2022-01-31, 2331.9, 2368.0, 2515.0, 2620.0, 2698.0, 2801.0, 2822.0,inferred
"Wales",2022-02-01, 2082.0, 2116.0, 2252.8, 2333.5, 2405.0, 2488.0, 2521.5,inferred
"Wales",2022-02-02, 1961.5, 1994.0, 2098.0, 2170.0, 2237.0, 2323.1, 2347.5,inferred
"Wales",2022-02-03, 1636.5, 1659.0, 1739.8, 1791.0, 1845.2, 1923.0, 1946.5,inferred
"Wales",2022-02-04, 1335.9, 1356.0, 1413.0, 1455.0, 1500.0, 1568.0, 1586.0,inferred
"Wales",2022-02-05, 1075.5, 1091.0, 1146.0, 1184.0, 1224.0, 1277.0, 1299.5,inferred
"Wales",2022-02-06, 1121.0, 1138.0, 1195.0, 1236.0, 1276.0, 1334.0, 1353.0,inferred
"Wales",2022-02-07, 1650.5, 1675.9, 1756.0, 1810.0, 1866.0, 1938.0, 1957.0,inferred
"Wales",2022-02-08, 1474.5, 1494.0, 1567.0, 1614.0, 1659.0, 1728.1, 1751.5,inferred
"Wales",2022-02-09, 1385.0, 1407.0, 1465.0, 1510.0, 1554.0, 1617.0, 1647.0,inferred
"Wales",2022-02-10, 1148.5, 1163.0, 1220.0, 1258.0, 1296.0, 1355.0, 1372.5,inferred
"Wales",2022-02-11,  927.0,  944.0,  993.0, 1027.0, 1067.0, 1123.0, 1136.0,inferred
"Wales",2022-02-12,  749.0,  765.0,  808.8,  841.0,  871.0,  916.0,  928.5,inferred
"Wales",2022-02-13,  781.0,  795.0,  841.0,  875.0,  911.0,  959.0,  981.5,inferred
"Wales",2022-02-14, 1169.5, 1184.0, 1247.0, 1289.0, 1332.0, 1398.0, 1418.0,inferred
"Wales",2022-02-15, 1029.5, 1047.0, 1100.0, 1143.0, 1182.0, 1238.0, 1262.0,inferred
"Wales",2022-02-16,  953.5,  969.0, 1022.0, 1057.0, 1097.0, 1156.0, 1174.0,inferred
"Wales",2022-02-17,  778.5,  793.0,  837.0,  870.0,  904.0,  957.0,  969.0,inferred
"Wales",2022-02-18,  625.0,  639.0,  683.0,  713.0,  739.0,  782.0,  796.0,inferred
"Wales",2022-02-19,  502.0,  512.0,  550.0,  576.0,  603.0,  645.0,  659.0,inferred
"Wales",2022-02-20,  526.0,  537.0,  575.0,  602.0,  630.0,  671.0,  686.5,inferred
"Wales",2022-02-21,  798.5,  814.0,  866.8,  902.0,  940.0,  988.0, 1004.0,inferred
"Wales",2022-02-22,  745.0,  761.0,  809.0,  843.0,  879.0,  929.0,  945.0,inferred
"Wales",2022-02-23,  742.5,  756.0,  803.0,  834.0,  869.0,  916.0,  935.0,inferred
"Wales",2022-02-24,  645.0,  657.0,  699.0,  730.0,  758.0,  804.0,  820.0,inferred
"Wales",2022-02-25,  549.0,  561.0,  599.0,  629.0,  656.2,  699.0,  714.0,inferred
"Wales",2022-02-26,  461.0,  473.0,  513.0,  537.0,  562.0,  600.0,  614.0,inferred
"Wales",2022-02-27,  515.0,  527.0,  567.0,  593.0,  621.0,  662.0,  676.0,inferred
"Wales",2022-02-28,  847.5,  863.0,  911.0,  945.0,  985.0, 1038.0, 1052.5,inferred
"Wales",2022-03-01,  843.0,  857.0,  905.0,  942.0,  976.0, 1032.0, 1051.0,inferred
"Wales",2022-03-02,  887.5,  905.9,  954.0,  990.5, 1026.0, 1077.0, 1095.0,inferred
"Wales",2022-03-03,  823.5,  840.0,  886.0,  916.0,  953.2, 1003.0, 1016.0,inferred
"Wales",2022-03-04,  745.0,  760.0,  809.8,  842.0,  875.0,  922.0,  938.5,inferred
"Wales",2022-03-05,  673.0,  690.0,  731.0,  760.0,  791.0,  833.0,  850.5,inferred
"Wales",2022-03-06,  785.5,  800.0,  847.0,  884.0,  919.0,  968.0,  985.5,inferred
"Wales",2022-03-07, 1327.0, 1346.0, 1406.0, 1449.0, 1498.0, 1562.0, 1584.5,inferred
"Wales",2022-03-08, 1325.0, 1345.0, 1407.0, 1454.0, 1498.0, 1561.0, 1580.0,inferred
"Wales",2022-03-09, 1396.5, 1418.0, 1486.0, 1526.5, 1570.0, 1638.0, 1659.0,inferred
"Wales",2022-03-10, 1303.5, 1323.0, 1380.0, 1420.0, 1463.0, 1533.0, 1550.5,inferred
"Wales",2022-03-11, 1194.5, 1213.0, 1271.0, 1309.0, 1352.2, 1411.0, 1434.5,inferred
"Wales",2022-03-12, 1083.5, 1101.0, 1158.0, 1197.0, 1236.0, 1296.0, 1314.5,inferred
"Wales",2022-03-13, 1281.0, 1295.0, 1358.0, 1402.0, 1444.2, 1503.0, 1524.5,inferred
"Wales",2022-03-14, 2106.5, 2132.0, 2217.0, 2273.0, 2328.0, 2408.0, 2447.5,inferred
"Wales",2022-03-15, 2039.5, 2066.0, 2145.0, 2202.0, 2254.0, 2328.0, 2352.0,inferred
"Wales",2022-03-16, 2065.4, 2089.9, 2171.8, 2229.5, 2278.0, 2351.0, 2371.5,inferred
"Wales",2022-03-17, 1854.5, 1874.0, 1942.8, 1996.0, 2049.0, 2125.0, 2159.5,inferred
"Wales",2022-03-18, 1635.0, 1659.0, 1720.0, 1765.0, 1817.0, 1892.0, 1911.5,inferred
"Wales",2022-03-19, 1424.5, 1440.0, 1509.0, 1555.0, 1605.0, 1671.0, 1691.0,inferred
"Wales",2022-03-20, 1610.0, 1638.0, 1704.0, 1757.0, 1806.0, 1871.0, 1897.5,inferred
"Wales",2022-03-21, 2504.5, 2530.9, 2624.8, 2694.0, 2755.2, 2841.0, 2877.5,inferred
"Wales",2022-03-22, 2244.9, 2268.0, 2350.8, 2407.0, 2464.0, 2555.1, 2578.0,inferred
"Wales",2022-03-23, 2069.4, 2096.9, 2178.0, 2230.0, 2288.0, 2375.1, 2403.5,inferred
"Wales",2022-03-24, 1694.5, 1715.0, 1780.0, 1823.0, 1874.0, 1950.0, 1975.5,inferred
"Wales",2022-03-25, 1356.5, 1375.0, 1440.0, 1482.0, 1527.0, 1593.0, 1613.6,inferred
"Wales",2022-03-26, 1081.0, 1100.0, 1155.0, 1194.0, 1231.0, 1294.0, 1317.6,inferred
"Wales",2022-03-27, 1102.0, 1118.0, 1181.8, 1224.0, 1268.0, 1329.0, 1349.5,inferred
"Wales",2022-03-28, 1567.0, 1596.0, 1668.0, 1717.5, 1770.0, 1847.0, 1873.5,inferred
"Wales",2022-03-29, 1279.5, 1301.0, 1362.0, 1401.0, 1446.0, 1506.0, 1530.5,inferred
"Wales",2022-03-30, 1082.0, 1091.0, 1148.0, 1185.0, 1222.0, 1275.0, 1294.5,inferred
"Wales",2022-03-31,  774.0,  793.0,  841.0,  874.0,  909.0,  958.0,  975.0,inferred
"Wales",2022-04-01,  556.0,  566.0,  605.0,  633.0,  663.0,  706.0,  720.0,inferred
"Wales",2022-04-02,  394.0,  403.0,  437.0,  460.0,  484.0,  523.0,  532.5,inferred
"Wales",2022-04-03,  361.0,  372.0,  404.0,  427.0,  451.2,  488.0,  501.5,inferred
"Wales",2022-04-04,  493.0,  505.0,  544.0,  573.0,  602.0,  644.0,  659.0,inferred
"Wales",2022-04-05,  407.0,  420.0,  454.0,  478.0,  503.0,  543.0,  555.5,inferred
"Wales",2022-04-06,  364.0,  374.0,  404.0,  427.0,  449.0,  486.0,  497.0,inferred
"Wales",2022-04-07,  278.5,  289.0,  319.0,  339.0,  359.0,  388.0,  398.0,inferred
"Wales",2022-04-08,  217.0,  224.0,  248.0,  266.0,  285.0,  309.0,  320.0,inferred
"Wales",2022-04-09,  165.5,  173.0,  193.0,  208.5,  224.0,  248.0,  256.0,inferred
"Wales",2022-04-10,  163.0,  169.0,  192.0,  208.0,  224.0,  249.0,  256.0,inferred
"Wales",2022-04-11,  245.5,  252.0,  279.0,  297.0,  317.0,  346.0,  356.0,inferred
"Wales",2022-04-12,  212.0,  220.0,  244.0,  261.0,  279.0,  308.0,  317.0,inferred
"Wales",2022-04-13,  198.5,  205.0,  227.0,  245.0,  263.0,  289.0,  299.0,inferred
"Wales",2022-04-14,  161.5,  168.0,  186.0,  201.0,  217.0,  240.0,  250.0,inferred
"Wales",2022-04-15,  128.0,  133.0,  153.0,  166.0,  181.0,  204.0,  211.0,inferred
"Wales",2022-04-16,  102.0,  105.0,  122.0,  135.0,  149.0,  168.0,  174.0,inferred
"Wales",2022-04-17,  106.0,  112.0,  129.0,  142.0,  156.0,  176.0,  184.0,inferred
"Wales",2022-04-18,  165.0,  172.0,  194.0,  210.0,  226.0,  251.0,  260.5,inferred
"Wales",2022-04-19,  149.5,  154.0,  175.0,  189.0,  206.0,  228.0,  237.0,inferred
"Wales",2022-04-20,  140.0,  146.0,  166.8,  180.0,  195.0,  218.0,  225.5,inferred
"Wales",2022-04-21,  112.0,  118.0,  137.0,  151.0,  164.0,  188.0,  195.0,inferred
"Wales",2022-04-22,   91.0,   96.0,  113.0,  126.0,  138.0,  157.0,  165.0,inferred
"Wales",2022-04-23,   72.0,   77.0,   92.0,  103.0,  115.0,  133.0,  138.0,inferred
"Wales",2022-04-24,   77.5,   82.0,   96.0,  108.0,  120.0,  139.0,  145.0,inferred
"Wales",2022-04-25,  122.5,  128.9,  146.0,  161.0,  175.0,  199.0,  208.5,inferred
"Wales",2022-04-26,  110.0,  115.0,  131.0,  145.0,  160.0,  182.0,  189.0,inferred
"Wales",2022-04-27,  104.0,  109.0,  125.0,  139.0,  151.0,  169.0,  174.0,inferred
"Wales",2022-04-28,   84.5,   89.0,  104.0,  116.0,  128.0,  148.0,  155.5,inferred
"Wales",2022-04-29,   68.0,   73.0,   86.0,   97.0,  108.0,  124.0,  131.0,inferred
"Wales",2022-04-30,   54.0,   57.0,   69.0,   78.0,   89.0,  104.0,  110.0,inferred
"Wales",2022-05-01,   57.5,   62.0,   74.0,   84.0,   94.0,  110.0,  116.5,inferred
"Wales",2022-05-02,   92.5,   98.0,  114.0,  126.0,  139.0,  159.0,  166.0,inferred
"Wales",2022-05-03,   84.0,   89.0,  104.0,  115.0,  127.0,  147.0,  154.0,inferred
"Wales",2022-05-04,   81.0,   85.0,   99.0,  111.0,  122.0,  141.0,  149.0,inferred
"Wales",2022-05-05,   65.0,   69.0,   83.8,   95.0,  105.0,  122.0,  129.0,inferred
"Wales",2022-05-06,   53.0,   57.0,   69.0,   78.5,   89.0,  104.0,  109.5,inferred
"Wales",2022-05-07,   42.0,   45.0,   56.0,   65.0,   74.0,   88.0,   95.0,inferred
"Wales",2022-05-08,   45.0,   49.0,   60.0,   68.0,   78.0,   94.0,   99.0,inferred
"Wales",2022-05-09,   72.0,   78.0,   93.0,  104.0,  116.0,  134.0,  141.0,inferred
"Wales",2022-05-10,   63.5,   69.0,   83.0,   94.0,  105.0,  124.0,  131.0,inferred
"Wales",2022-05-11,   62.5,   66.0,   79.0,   90.0,  102.0,  120.0,  126.0,inferred
"Wales",2022-05-12,   51.0,   54.0,   66.0,   76.0,   86.0,  102.0,  108.0,inferred
"Scotland",2022-01-28, 2947.9, 3129.0, 3749.8, 4196.5, 4695.0, 5532.0, 5798.6,inferred
"Scotland",2022-01-29, 1416.5, 1574.0, 2008.8, 2327.0, 2729.0, 3402.1, 3646.4,inferred
"Scotland",2022-01-30, 1409.8, 1527.8, 1954.8, 2306.0, 2729.0, 3343.1, 3565.1,inferred
"Scotland",2022-01-31, 1389.8, 1504.7, 1933.8, 2295.0, 2694.5, 3327.1, 3545.6,inferred
"Scotland",2022-02-01, 2588.1, 2742.9, 3324.8, 3789.0, 4288.0, 5085.1, 5380.5,inferred
"Scotland",2022-02-02, 3287.0, 3596.9, 4277.0, 4805.5, 5378.2, 6337.1, 6615.0,inferred
"Scotland",2022-02-03, 5996.1, 6249.3, 7226.8, 7941.5, 8715.0, 9936.0,10274.8,inferred
"Scotland",2022-02-04, 4424.4, 4638.9, 5371.8, 6011.5, 6606.0, 7557.1, 7925.3,inferred
"Scotland",2022-02-05, 2398.5, 2558.7, 3183.8, 3686.0, 4188.5, 5009.2, 5254.6,inferred
"Scotland",2022-02-06, 2606.9, 2828.8, 3450.0, 3879.5, 4423.2, 5267.4, 5544.5,inferred
"Scotland",2022-02-07, 2603.4, 2771.8, 3412.5, 3894.0, 4454.5, 5294.3, 5633.8,inferred
"Scotland",2022-02-08, 4535.1, 4918.6, 5803.0, 6489.5, 7213.8, 8274.0, 8579.0,inferred
"Scotland",2022-02-09, 6171.2, 6380.4, 7388.8, 8095.5, 8890.5,10035.2,10335.6,inferred
"Scotland",2022-02-10,10541.4,10875.8,12202.2,13196.0,14134.5,15598.1,15952.8,inferred
"Scotland",2022-02-11, 7652.6, 8049.6, 9007.5, 9764.0,10641.8,11934.5,12325.6,inferred
"Scotland",2022-02-12, 4332.1, 4616.8, 5426.2, 6062.0, 6701.0, 7777.5, 8109.1,inferred
"Scotland",2022-02-13, 4607.5, 4865.0, 5717.0, 6332.5, 7025.0, 8170.2, 8553.7,inferred
"Scotland",2022-02-14, 4283.0, 4507.9, 5302.8, 5888.5, 6557.0, 7634.2, 7986.0,inferred
"Scotland",2022-02-15, 6444.4, 6658.0, 7679.8, 8372.5, 9173.2,10371.5,10711.5,inferred
"Scotland",2022-02-16, 6648.2, 6976.6, 8096.5, 8836.5, 9653.5,10792.4,11176.5,inferred
"Scotland",2022-02-17, 9461.4, 9861.3,10966.8,11844.0,12839.0,14130.9,14587.3,inferred
"Scotland",2022-02-18, 5677.9, 5853.8, 6766.8, 7413.5, 8182.0, 9312.3, 9697.9,inferred
"Scotland",2022-02-19, 2580.3, 2740.9, 3360.8, 3833.0, 4346.2, 5163.0, 5446.6,inferred
"Scotland",2022-02-20, 2156.2, 2354.8, 2942.2, 3379.5, 3863.2, 4608.2, 4977.0,inferred
"Scotland",2022-02-21, 2067.0, 2237.8, 2814.8, 3262.5, 3731.0, 4479.4, 4741.1,inferred
"Scotland",2022-02-22, 3938.3, 4234.6, 5061.0, 5630.0, 6301.0, 7236.3, 7553.5,inferred
"Scotland",2022-02-23, 5587.1, 5847.2, 6757.8, 7429.5, 8200.0, 9366.1, 9791.0,inferred
"Scotland",2022-02-24,10299.4,10682.9,11892.5,12848.0,13761.0,15277.5,15641.0,inferred
"Scotland",2022-02-25, 7678.0, 7943.4, 9108.8, 9886.5,10711.0,12107.2,12668.9,inferred
"Scotland",2022-02-26, 4774.5, 4949.0, 5772.2, 6432.5, 7131.5, 8162.3, 8428.7,inferred
"Scotland",2022-02-27, 5040.5, 5348.1, 6266.8, 6917.5, 7599.2, 8716.0, 9088.6,inferred
"Scotland",2022-02-28, 4750.3, 5015.4, 5995.2, 6748.5, 7535.0, 8655.0, 9055.9,inferred
"Scotland",2022-03-01, 7517.3, 7851.0, 9194.5,10217.0,11299.5,12945.1,13381.0,inferred
"Scotland",2022-03-02, 8991.4, 9350.5,10514.5,11393.0,12377.5,13851.5,14353.2,inferred
"Scotland",2022-03-03,13570.5,13975.0,15539.5,16686.0,17815.5,19494.4,20058.6,inferred
"Scotland",2022-03-04, 8778.5, 9114.8,10320.2,11195.5,12120.0,13499.3,13988.2,inferred
"Scotland",2022-03-05, 4646.4, 4945.5, 5722.5, 6280.5, 6988.0, 8086.2, 8387.7,inferred
"Scotland",2022-03-06, 4229.7, 4473.0, 5293.0, 5971.0, 6654.5, 7659.3, 8044.5,inferred
"Scotland",2022-03-07, 3549.9, 3743.8, 4452.5, 5075.5, 5708.2, 6751.6, 6986.6,inferred
"Scotland",2022-03-08, 4789.5, 5051.1, 5983.5, 6678.5, 7415.2, 8629.3, 9061.3,inferred
"Scotland",2022-03-09, 4565.4, 4857.3, 5735.0, 6363.0, 7033.0, 8175.0, 8639.2,inferred
"Scotland",2022-03-10, 5846.9, 6084.4, 7113.0, 7841.0, 8582.8, 9821.2,10197.0,inferred
"Scotland",2022-03-11, 2971.9, 3173.8, 3757.2, 4270.5, 4776.5, 5558.2, 5909.7,inferred
"Scotland",2022-03-12, 1150.5, 1269.0, 1630.8, 1957.0, 2308.5, 2900.2, 3099.1,inferred
"Scotland",2022-03-13,  812.4,  920.0, 1250.8, 1536.5, 1823.5, 2340.2, 2634.7,inferred
"Scotland",2022-03-14,  833.4,  935.8, 1310.0, 1581.5, 1950.0, 2507.1, 2735.8,inferred
"Scotland",2022-03-15, 2051.9, 2248.9, 2845.8, 3323.5, 3841.5, 4588.2, 4753.8,inferred
"Scotland",2022-03-16, 3446.8, 3691.2, 4479.8, 5157.5, 5927.0, 7177.2, 7617.6,inferred
"Scotland",2022-03-17, 7321.9, 7696.7, 8826.0, 9927.0,11074.8,12990.4,13532.2,inferred
"Scotland",2022-03-18, 6403.5, 6674.0, 7817.5, 8651.0, 9570.0,11048.0,11456.8,inferred
"Scotland",2022-03-19, 4511.9, 4791.8, 5586.8, 6247.5, 6929.2, 7924.1, 8209.4,inferred
"Scotland",2022-03-20, 5448.5, 5769.7, 6762.5, 7444.5, 8167.0, 9403.4, 9959.1,inferred
"Scotland",2022-03-21, 5808.7, 6073.9, 7074.0, 7843.0, 8605.8, 9836.2,10333.3,inferred
"Scotland",2022-03-22, 9346.5, 9726.5,11195.2,12256.5,13417.8,15017.1,15507.1,inferred
"Scotland",2022-03-23,11223.3,11647.7,13133.5,14121.0,15113.0,16707.5,17217.3,inferred
"Scotland",2022-03-24,17611.0,18141.2,19948.5,21095.0,22475.8,24389.2,24932.4,inferred
"Scotland",2022-03-25,11895.0,12266.8,13629.0,14653.0,15626.5,17213.4,17732.3,inferred
"Scotland",2022-03-26, 6480.0, 6784.0, 7717.5, 8480.0, 9265.2,10558.2,10972.0,inferred
"Scotland",2022-03-27, 6107.8, 6410.5, 7424.2, 8209.5, 9038.2,10276.1,10591.7,inferred
"Scotland",2022-03-28, 5283.4, 5536.8, 6532.8, 7190.0, 7945.8, 9083.1, 9461.1,inferred
"Scotland",2022-03-29, 7517.5, 7884.1, 8864.8, 9711.5,10551.2,11921.3,12318.4,inferred
"Scotland",2022-03-30, 7560.0, 7852.0, 8843.8, 9630.0,10408.2,11670.9,12043.6,inferred
"Scotland",2022-03-31, 9761.0,10074.0,11227.0,12162.5,13074.5,14502.6,14935.9,inferred
"Scotland",2022-04-01, 5278.1, 5509.8, 6362.5, 7040.5, 7726.8, 8774.6, 9217.2,inferred
"Scotland",2022-04-02, 2170.5, 2339.0, 2899.8, 3307.0, 3830.8, 4600.0, 4878.7,inferred
"Scotland",2022-04-03, 1679.3, 1816.8, 2315.8, 2686.5, 3160.0, 3940.8, 4130.0,inferred
"Scotland",2022-04-04, 1180.4, 1320.7, 1691.8, 2053.5, 2422.2, 3135.2, 3353.9,inferred
"Scotland",2022-04-05, 1494.5, 1632.0, 2093.8, 2464.0, 2908.2, 3685.0, 3948.0,inferred
"Scotland",2022-04-06, 1327.9, 1422.8, 1873.5, 2237.0, 2647.0, 3347.2, 3616.5,inferred
"Scotland",2022-04-07, 1558.8, 1653.8, 2162.0, 2528.5, 2976.0, 3673.2, 3904.4,inferred
"Scotland",2022-04-08,  655.4,  738.0, 1054.8, 1330.0, 1649.2, 2155.1, 2271.2,inferred
"Scotland",2022-04-09,  203.0,  242.0,  402.8,  561.0,  753.2, 1123.1, 1244.5,inferred
"Scotland",2022-04-10,  106.0,  131.0,  258.0,  398.5,  549.0,  874.0, 1027.1,inferred
"Scotland",2022-04-11,   48.0,   67.0,  156.0,  258.0,  386.2,  644.1,  748.6,inferred
"Scotland",2022-04-12,   57.5,   77.0,  174.8,  283.5,  425.5,  728.0,  825.5,inferred
"Scotland",2022-04-13,   32.0,   46.0,  122.0,  205.5,  329.2,  567.1,  662.2,inferred
"Scotland",2022-04-14,   17.0,   30.0,   91.0,  171.5,  280.2,  531.1,  630.6,inferred
"Scotland",2022-04-15,    3.0,    5.0,   30.0,   72.0,  151.0,  343.1,  427.6,inferred
"Scotland",2022-04-16,    0.0,    0.0,    4.0,   20.0,   59.0,  187.0,  249.0,inferred
"Scotland",2022-04-17,    0.0,    0.0,    1.0,    7.0,   32.0,  135.0,  203.1,inferred
"Scotland",2022-04-18,    0.0,    0.0,    0.0,    3.0,   19.0,  115.0,  198.0,inferred
"Scotland",2022-04-19,    0.0,    0.0,    0.0,    3.0,   21.2,  108.1,  168.0,inferred
"Scotland",2022-04-20,    0.0,    0.0,    0.0,    2.0,   12.0,   76.0,  113.6,inferred
"Scotland",2022-04-21,    0.0,    0.0,    0.0,    1.0,   12.0,   87.0,  122.5,inferred
"Scotland",2022-04-22,    0.0,    0.0,    0.0,    0.0,    4.0,   47.0,   82.6,inferred
"Scotland",2022-04-23,    0.0,    0.0,    0.0,    0.0,    0.0,   28.0,   50.0,inferred
"Scotland",2022-04-24,    0.0,    0.0,    0.0,    0.0,    0.0,   18.0,   41.5,inferred
"Scotland",2022-04-25,    0.0,    0.0,    0.0,    0.0,    0.0,   12.0,   34.5,inferred
"Scotland",2022-04-26,    0.0,    0.0,    0.0,    0.0,    0.0,   19.0,   44.6,inferred
"Scotland",2022-04-27,    0.0,    0.0,    0.0,    0.0,    0.0,   21.0,   40.6,inferred
"Scotland",2022-04-28,    0.0,    0.0,    0.0,    0.0,    1.0,   29.0,   55.5,inferred
"Scotland",2022-04-29,    0.0,    0.0,    0.0,    0.0,    0.0,   18.0,   37.0,inferred
"Scotland",2022-04-30,    0.0,    0.0,    0.0,    0.0,    0.0,    4.0,   12.5,inferred
"Scotland",2022-05-01,    0.0,    0.0,    0.0,    0.0,    0.0,    5.0,   12.5,inferred
"Scotland",2022-05-02,    0.0,    0.0,    0.0,    0.0,    0.0,    3.0,   11.0,inferred
"Scotland",2022-05-03,    0.0,    0.0,    0.0,    0.0,    0.0,    9.0,   25.5,inferred
"Scotland",2022-05-04,    0.0,    0.0,    0.0,    0.0,    0.0,    6.0,   20.0,inferred
"Scotland",2022-05-05,    0.0,    0.0,    0.0,    0.0,    0.0,   13.0,   22.5,inferred
"Scotland",2022-05-06,    0.0,    0.0,    0.0,    0.0,    0.0,    4.0,   13.5,inferred
"Scotland",2022-05-07,    0.0,    0.0,    0.0,    0.0,    0.0,    2.0,    9.5,inferred
"Scotland",2022-05-08,    0.0,    0.0,    0.0,    0.0,    0.0,    3.0,   12.0,inferred
"Scotland",2022-05-09,    0.0,    0.0,    0.0,    0.0,    0.0,    2.0,    9.5,inferred
"Scotland",2022-05-10,    0.0,    0.0,    0.0,    0.0,    0.0,    5.0,   16.0,inferred
"Scotland",2022-05-11,    0.0,    0.0,    0.0,    0.0,    0.0,    7.0,   22.0,inferred
"Scotland",2022-05-12,    0.0,    0.0,    0.0,    0.0,    0.0,   21.0,   45.0,inferred
